,Twitter Query: pelucas OR oncol√≥gicas OR c√°ncer OR donar OR donaci√≥n #oncoayuda OR #donacabello OR #pelucasoncologicas OR #DiaMundialdelCancerdeMama OR #19deoctubre OR #bancodetapitas OR #cabezaenalto OR #octubrerosa -filter:retweets -filter:replies,,,,,,,,,,,,,,,,,,,
Date,Screen Name,Full Name,Tweet Text,Tweet ID,Link(s),Media,Location,Retweets,Favorites,App,Followers,Follows,Listed,Verfied,User Since,Location,Bio,Website,Timezone,Profile Image
21/10/2020 20:47,@CPC_SMA,Direcci√≥n Concertaci√≥n y Participaci√≥n Ciudadana,Mes de sensibilizaci√≥n sobre el c√°ncer de mama #OctubreRosa. Recuerda realizarte una autoexploraci√≥n peri√≥dicamente #√âchaleUnaManoATuSalud. Consulta c√≥mo debes realizarla en:,1319123108247330816,http://salud.edomex.gob.mx,https://pbs.twimg.com/media/Ek53edRX0AA_SC7.jpg,,0,0,Twitter for Android,1272,536,24,,28/8/2012,"Metepec, Estado de M√©xico",Direcci√≥n Concertaci√≥n y Participaci√≥n Ciudadana de la Secretar√≠a del Medio Ambiente del Gobierno del Estado de M√©xico. Conjunto SEDAGRO Tel. (01722) 2.75.89.91,http://www.edomex.gob.mx/medioambiente,,View
21/10/2020 20:30,@reberramz,üéÉüï∑ Spooky michi tliste üéÉüï∑,"Hola, as√≠ se ven los senos con anormalidades que pueden ser c√°ncer de mama. BASTA DE DIBUJITOS BONITOS, los senos de las mujeres no son √≥rganos sexuales, basta de sexualizarlos. Conocer estas imagenes REALES puede salvar la vida de una mujer. #OctubreRosa #CancerDeMama RT @semdecajeme: Lo que puede ser normal en usted tal vez no lo sea en otra mujer. La mayor√≠a de las mujeres dicen que sienten bultos o superficies irregulares en las mamas. que la alarme no dude en consultar a su m√©dico lo antes posible, el la orientar√° para evaluar lo que sucede y c√≥mo actuar.",1319118959325622273,https://twitter.com/semdecajeme/status/1318644477423161344,https://pbs.twimg.com/media/EkzEKRxW0AItbII.jpg,,0,2,Twitter for Android,211,294,0,,2/8/2016,,,,,View
21/10/2020 20:08,@FaustoBejarano1,Le Titte,"#NuevaFotoDePerfil #OctubreRosa #SlowFashion  El 99% de las mujeres padece el c√°ncer de mamas, que no te toque!",1319113300093829120,https://instagram.com/mirze_py?igshid=1aj64fkq662bu,https://pbs.twimg.com/media/Ek5ujiOXUAEgzZt.jpg,,0,0,Twitter for Android,236,404,0,,9/4/2017,"Asuncion, Paraguay",Motociclista de cl√°sicos ‚óè Mel√≥mano http://instagram.com/faustobejarano,http://vsco.co/faustobejarano,,View
21/10/2020 20:01,@OnmpriNacional,ONMPRI NACIONAL,"En la segunda conferencia sobre el c√°ncer de mama üéÄ, la Dra. M√≥nica Cuadras dijo que la exploraci√≥n mamaria debe comenzar desde la primera regla y a partir de ah√≠ debe convertirse en un h√°bito de toda la vida. #OctubreRosa",1319111591586009088,,https://pbs.twimg.com/media/Ek5s_wSUUAEcMXl.jpg,,2,5,Twitter for Android,25433,10851,76,,14/4/2011,Ciudad de M√©xico,Cuenta Oficial del Organismo Nacional de Mujeres Priistas. #JuntasPorM√©xico. Presidenta Nacional ONMPRI @Monsearcosv,,,View
21/10/2020 19:56,@glocuraz,Glors üéÄ,"Gracias @canalcatorcemx por darnos el espacio para hacer conciencia y recordar que el Cancer de Mama es una enfermedad que es curable si se detecta a tiempo, T√≥cate üñêüèº para que no te toque #OctubreRosa #InspiremosVidas #PorTiPorMiPorTodas #FuckCancer üå∑üôèüèº RT @canalcatorcemx: Acomp√°√±anos a conocer m√°s sobre la primera causa de muerte por tumores cancer√≠genos en mujeres a trav√©s de cinco testimonios de sobrevivencia. #Reportaje14: Lucha rosa. C√°ncer de mama HOY, ‚è∞21:00h. /üì∫14.1 /üì≤ @MxPlayTV / ‚ñ∂Ô∏è  #Canal14 #TusCausasTuCanal",1319110387548233728,"https://twitter.com/canalcatorcemx/status/1319081035749941248
https://youtu.be/KlXLRnsrhhI",pic.twitter.com/pjrXjlax2m,,0,1,Twitter for iPhone,571,1130,0,,6/10/2010,Donde la vida no vale nada,üíü Resiliente üå∑ Luchando contra el Cancer üßòüèª‚Äç‚ôÄÔ∏è Amo el yoga üê∂ Amo a Misha ü§ì No soy la pinche media naranja de nadie ü§≠,,,View
21/10/2020 19:45,@COESPO_Edomex,COESPO Edomex,"#OctubreRosa | La detecci√≥n temprana del c√°ncer de mamas la acci√≥n m√°s importante en la lucha contra esta enfermedad. #√âchaleUnaManoATuSalud e inf√≥rmate en:  o llama al 722 212 64 26, 55 58 78 64 02 o al 55 82 84 12 61",1319107456988073985,http://salud.edomex.gob.mx,https://pbs.twimg.com/media/EkzIt3EWAAA1UDg.jpg,,0,0,TweetDeck,1807,308,8,‚úÖ,7/1/2016,Estado de M√©xico,Consejo Estatal de Poblaci√≥n del Estado de M√©xico. | @SGGedomex,http://coespo.edomex.gob.mx/,,View
21/10/2020 18:58,@ALMAZANFRANCISC,ALMAZAN FRANCISCO,"#PrevenirEsSalud El c√°ncer de mama se puede detectar oportunamente, realizate revisiones peri√≥dicas y acude al m√©dico #√âchaleUnaManoATuSalud #OctubreRosa @Edomex @SaludEdomex",1319095651276210176,,https://pbs.twimg.com/media/Ek5efFeVgAA4pMi.jpg,,0,0,Twitter for Android,445,47,1,,3/11/2009,Estado de M√©xico,Subdirector Regional de Educaci√≥n B√°sica Texcoco,,,View
21/10/2020 18:42,@Jovenes_Con_Vos,J√≥venes Con Vos,Colaboramos nuevamente con la @MuniRioPrimero junto a J√≥venes Primero en la concientizaci√≥n de la prevenci√≥n del c√°ncer de mama. #OctubreRosa #CordobaRosa @CraveroCristina @gobdecordoba @claumartinezar @mindelamujercba,1319091614262960128,,https://pbs.twimg.com/media/Ek5a0pKXYAEhD00.jpg,,3,4,Twitter for Android,58,25,0,,24/9/2020,"R√≠o Primero, Argentina ",,,,View
21/10/2020 18:38,@AlertaChiapas,Alerta Chiapas,üéÄ #SALUD || Ten√≠a 33 a√±os cuando en una revisi√≥n de rutina a Mar√≠a de Jes√∫s P√©rez Zavaleta le detectaron c√°ncer de mama. #OctubreRosa #C√°ncerDeMama #19DeOctubre #Chiapas #Tuxtla,1319090717654908928,https://alertachiapas.com/2020/10/21/sobrevivio-al-cancer-ahora-ayuda-a-las-que-lo-padecen/,,,6,9,WordPress.com,142437,541,211,‚úÖ,17/8/2013,"Chiapas, M√©xico","http://t.me/alertachiapas Noticias üì∞ Multiplataforma, App: üì≤ http://m.alertachiapas.com/download: üì≤ üì§Editor: @Gusmx2",http://t.me/alertachiapas,,View
21/10/2020 18:35,@VPITV,VPItv,"El c√°ncer de mama no distingue de g√©nero, raza o posici√≥n econ√≥mica. ¬°Rev√≠sate con frecuencia! #OctubreRosa",1319089850679701506,,https://pbs.twimg.com/media/Ek5ZOqcWAAAorvu.jpg,,11,13,Hootsuite Inc.,537519,565,1168,‚úÖ,18/12/2015,Venezuela,Canal de Noticias EN VIVO üî¥ I Mira nuestra se√±al aqu√≠: I https://bit.ly/2FXPNmo I Youtube I ROKU | Apple TV | APP | Web |,http://www.vpitv.com,,View
21/10/2020 18:28,@Dra_Guaripete,#LibertadParaLosPresosPol√≠ticos,Imag√≠nate tener que hospitalizar a tu hijo con c√°ncer (o a tu mam√° o a tu esposo o a tu hermana) y ni siquiera poder asearle porque no hay AGUA en el hospital #OctubreRosa RT @Beadrian: #Urgente Madres con sus hijos hospitalizados en el oncologico Luis Razetti #Caracas claman AGUA. Piden por caridad una cisterna con manguera larga para que llenen los tobos de pediatr√≠a. Ni√±os en estado delicado,1319088197918490626,https://twitter.com/Beadrian/status/1319066853327732741,pic.twitter.com/5iraIJqgTJ,,10,3,Twitter Web App,6920,1527,107,,31/10/2009,528491,#M√©dicoOnc√≥logoUCV #ESMOMember #CeseDeUsurpaci√≥n #GobiernoDeTransici√≥n #EleccionesLibres #TchaikovskyLieber #ARevelationInTheLightOfDay #InceptionConsultant,http://saraceci.wordpress.com,,View
21/10/2020 18:27,@MujerMexico_Of,Mujer M√©xico,#OctubreRosaüéÄ El #C√°ncerDeMama es la primera causa de muerte entre mexicanas üôãüèª‚Äç‚ôÄÔ∏èüá≤üáΩüòîüè• ¬øQu√© otros mitos conoces? ‚òπÔ∏è,1319088014753222658,https://mujermexico.com/salud/estos-son-los-mitos-sobre-el-cancer-de-mama/,,,1,0,Twitter for iPhone,604,409,3,,19/9/2019,M√©xico,Somos una plataforma en pos de la equidad de g√©nero. Para un M√©xico fuerte y poderoso necesitamos que sus mujeres lo sean: que todas sean #MujerM√©xico,http://www.mujermexico.com,,View
21/10/2020 18:25,@SSDM_Edomex,Desarrollo Municipal #Edomex,Octubre es el mes de sensibilizaci√≥n sobre el c√°ncer de mama. Recuerda realizarte una autoexploraci√≥n peri√≥dicamente #√âchaleUnaManoATuSalud. Consulta c√≥mo debes realizarla en:  #OctubreRosa,1319087397309698048,http://salud.edomex.gob.mx,https://pbs.twimg.com/media/Ek5W_xZXYAACzEP.jpg,,1,3,Twitter for Android,3416,359,11,‚úÖ,9/11/2017,"Toluca, M√©xico",Cuenta oficial de la Subsecretar√≠a de Desarrollo Municipal del @Edomex | Promovemos el desarrollo institucional de los ayuntamientos.,http://ssdm.edomex.gob.mx,,View
21/10/2020 18:17,@Radio_Romantica,Radio Rom√°ntica,#Mujer #OctubreRosa ¬øQu√© signos pueden delatar un c√°ncer de mama? ¬øC√≥mo te puedes realizar el autoexamen? Te lo contamos ac√°,1319085311243280384,http://bit.ly/3o0zKpz,,,1,1,TweetDeck,33130,182,123,,11/11/2009,"√ëu√±oa, Chile",#TuD√≠aConM√°sPasi√≥n ‚ù§Ô∏è 104.1 en Santiago üéôÔ∏è,http://www.romantica.cl,,View
21/10/2020 18:12,@npyoficial,NPY Oficial,"Lic. Bettina Cuevas: ""@amacmapy surge con mujeres con la misma patolog√≠a, con la misma necesidad de hablar con el otro. En esa √©poca nadie hablaba del c√°ncer de mama. Somos una comunidad de contenci√≥n gratuita"". #OctubreRosa #Bocasdeltiempo #NPY",1319084259085324290,,pic.twitter.com/6EqF9uFPE7,,2,3,TweetDeck,160325,214,278,,24/6/2010,"Asunci√≥n, Paraguay","Canal 2 de AIRE, 6 y 606 HD de Tigo, 24 de Claro y 45 de Personal. Online http://npy.com.py Whatsapp de denuncias: (0981) 169 744",https://npy.com.py,,View
21/10/2020 18:03,@IDPedomex,Defensor√≠a P√∫blica Edom√©x,#OctubreRosa | El c√°ncer de mama es curable si se detecta a tiempo. Inf√≥rmate en:,1319082017099661312,http://salud.edomex.gob.mx,https://pbs.twimg.com/media/Ek5SGeEUcAE6ABm.jpg,,0,0,Twitter for iPhone,1144,74,5,,10/8/2018,,Instituto de la Defensor√≠a P√∫blica del Estado de M√©xico. | @edomex | @SJyDH_Edomex,,,View
21/10/2020 18:00,@Edomex,Gobierno Edom√©x,"#OctubreRosa | El c√°ncer de mama se puede detectar oportunamente. Para m√°s informaci√≥n, consulta en:  o llama al 722 212 64 26, 55 58 78 64 02 o al 55 82 84 12 61. #PrevenirEsSalud",1319081036165181440,http://salud.edomex.gob.mx,https://pbs.twimg.com/media/EkPThIkXYAIMO5t.jpg,,61,103,Twitter Media Studio,489822,136,896,‚úÖ,22/8/2008,Estado de M√©xico,Gobierno del Estado de M√©xico. #Edom√©x,http://www.edomex.gob.mx,,View
21/10/2020 17:57,@RC_EDOMEX,RegistroCivil EDOMEX,Considera que los buenos h√°bitos alimenticios reducen el riesgo de padecer c√°ncer de mama. #OctubreRosa,1319080495767035907,,https://pbs.twimg.com/media/Ek5Qt74XIAE1cQT.jpg,,0,0,Twitter for iPhone,1151,186,7,,2/12/2016,"Toluca, M√©xico","Espacio de promoci√≥n, divulgaci√≥n, quejas, dudas y sugerencias del Registro Civil en el Estado de M√©xico.",http://dgregistro_civil.edomex.gob.mx/,,View
21/10/2020 17:55,@npyoficial,NPY Oficial,"Lic. Gradys Moreira: ""El c√°ncer tiene un impacto emocional, desde el momento del diagnostico, hasta el tratamiento. Hay ocasiones que genera ansiedad y angustia y el m√©dico no sabe como responder, por eso necesita el acompa√±amiento psicol√≥gico"". #OctubreRosa #Bocasdeltiempo #NPY",1319079834543337473,,pic.twitter.com/47sQova53l,,2,2,TweetDeck,160325,214,278,,24/6/2010,"Asunci√≥n, Paraguay","Canal 2 de AIRE, 6 y 606 HD de Tigo, 24 de Claro y 45 de Personal. Online http://npy.com.py Whatsapp de denuncias: (0981) 169 744",https://npy.com.py,,View
21/10/2020 17:55,@MunicipioTigre,Municipio de Tigre,"¬°#BuenasNoches Tigre! Nos despedimos con esta postal del Palacio Municipal iluminado de rosa, en el mes de concientizaci√≥n sobre la lucha contra el C√°ncer de Mama. ¬°Controlate, los miedos no te salvan! #OctubreRosa üéÄ",1319079796652056577,,https://pbs.twimg.com/media/Ek5QFLiXIAAu0gy.jpg,,5,21,Twitter for iPhone,68247,7160,152,‚úÖ,25/2/2010,"Tigre, Buenos Aires",Cuenta Oficial del Municipio de Tigre. Facebook: http://fb.com/TigreMunicipio Respondemos todas las consultas por DM,http://www.tigre.gov.ar/prensa,,View
21/10/2020 17:50,@vanessa_1979,Vanessa Tayssoun,"#D√≠aMundialDelCancerDeMama #MujeresXLaVida #T√≥cate #Autoexplorate Charla Mitos y Leyendas del #CancerDeMama Hay vida despu√©s del c√°ncer üéÄ C√°ncer no es muerte, c√°ncer es aptitud y salir adelante üíñ @ActivismoPJ @Pr1meroJusticia",1319078660654223361,,https://pbs.twimg.com/media/Ek5PDQIXIAAdgx3.jpg,,3,2,Twitter for Android,928,1279,2,,20/6/2010,Puerto Ordaz,Mam√° de 3.. Abogado ‚öñ Asistente Parlamentaria @AsambleaVE Secretaria de Organizaci√≥n @PJ_Caroni Militante de @Pr1meroJusticia soy üáªüá™ con üá±üáß,,,View
21/10/2020 17:49,@DIFSolidaridad1,DIF Solidaridad,Conoce algunos de los testimonios detr√°s de la lucha contra el c√°ncer de mam√°. #DIFRosa #OctubreRosa,1319078467745492993,,pic.twitter.com/iTe3fd4coV,,0,0,Twitter for Android,644,141,2,,4/10/2018,"Playa del Carmen, Solidaridad",Sistema Integral de la Familia de Solidaridad. #DIFRosa #SolidaridadRosa FB: üëâ https://bit.ly/2HiiLyc üëà IG: üëâ https://bit.ly/2T4GR1Wüëà,http://www.difsolidaridad.gob.mx/sitio/,,View
21/10/2020 17:40,@RosyAscencioO,Rosy Ascencio,"üîπEsta tarde acudimos a las Colonias Valle del Guadiana y San Carlos con las ""Brigadas M√©dicas en Acci√≥n"" con el objetivo de fomentar la revisi√≥n y la prevenci√≥n del c√°ncer de mamaüå∫. #S√∫mateALaAcci√≥n #OctubreRosa #RegidorEsPAN",1319076067961933826,,https://pbs.twimg.com/media/Ek5KLQVXIAEEPDD.jpg,,1,8,Twitter Web App,850,372,2,,7/9/2019,Durango Dgo. Mexico,‚Ä¢Primer Regidora del Ayuntamiento Durango 2019-2022 #RegidorEsPAN ||Miembro del Consejo Directivo de #CONAR como Vocal de Equidad de G√©nero‚ôÄÔ∏è‚ôÇÔ∏è.,,,View
21/10/2020 17:33,@npyoficial,NPY Oficial,"Dr Miguel Ag√ºero: ""El a√±o pasado tuvimos 560 mujeres diagnosticadas con c√°ncer de mama solo en el INCAN y hoy tenemos 350 casos registrados en la misma instituci√≥n, a eso hay que sumarle los de IPS y del sector privado"". #OctubreRosa #Bocasdeltiempo #NPY",1319074446162956289,,pic.twitter.com/bZ1RBhLO3S,,4,4,TweetDeck,160325,214,278,,24/6/2010,"Asunci√≥n, Paraguay","Canal 2 de AIRE, 6 y 606 HD de Tigo, 24 de Claro y 45 de Personal. Online http://npy.com.py Whatsapp de denuncias: (0981) 169 744",https://npy.com.py,,View
21/10/2020 17:30,@MrciCorporativo,MRCI Corporativo,"üéÄ Octubre es el Mes de Lucha contra el C√°ncer de mama, invitamos a todos a que se sumen a esta campa√±a de concientizaci√≥n üë©‚Äç #MiLuchaEsRosa #C√°ncerDeMama #OctubreRosa #MRCI #FamiliaMRCI",1319073484035612672,,https://pbs.twimg.com/media/Ekx5S24WkAEbkLl.jpg,,0,0,TweetDeck,1819,936,19,,4/6/2010,"Oaxaca, M√©xico","EMPRENDEDORES integrado por especialistas, asesores empresariales, abogados y fiscalistas, Corporativo orgullosamente mexicano.",http://www.mrci.com.mx,,View
21/10/2020 16:42,@ONMPRI_Dgo,ONMPRI Municipal Durango,"Recuerda sintonizar nuestro #Caf√©Digital ‚òïÔ∏è ""Superando el c√°ncer de mama"" con Marcela Hern√°ndez. üìÖ Lunes 26 de octubre üïë 5:00 PM üéÄ #NosQueremosNosCuidamos #OctubreRosa #PrevenirEsVivir",1319061501421015040,,https://pbs.twimg.com/media/Ek4_b9EXIAE1J3f.jpg,,1,3,Twitter for Android,786,832,2,,29/6/2011,"Durango, M√©xico",Organismo de Mujeres Pri√≠stas en el Municipio de Durango #MujeresPRI,https://www.facebook.com/onmpri.dgo.1,,View
21/10/2020 16:40,@PlazaColonia,Club Plaza Colonia,"ESCUCHALAS ! Nuestras gurisas del Handball tienen algo para decirte. Orgullosos de esta nueva generaci√≥n que crece con educaci√≥n, conciencia y sin prejuicios. El c√°ncer de mama puede curarse si se detecta a tiempo. #OctubreRosa #CancerDeMama",1319060948355862528,,pic.twitter.com/0QBIq8Netm,,2,24,Twitter for iPhone,102994,867,123,‚úÖ,10/3/2011,COLONIA - URUGUAY,"Plaza Colonia es el Club Profesional, Decano y el de mayor cantidad de t√≠tulos conseguidos en el Dpto. de Colonia. Fundado el 22 de Abril de 1917. #SomosColonia",http://plazacolonia.org,,View
21/10/2020 16:36,@TenekUxumchik,T√©nek Uxumchik = Mujeres Huastecas,üíïAl donar tu cabello haces feliz a una mujer con c√°ncer. Recibimos donaciones de cabello con un m√≠nimo de 30 a 35 cms ya trenzado. #MesRosa #mesdelasensibilizaciondelcancerdemama #OctubreRosa #MujeresEnSororidad #SLP #Autoexploracion #PrevenirEsSalud,1319059959221542913,,https://pbs.twimg.com/media/Ek4-Cq8XEAMyOwL.jpg,,0,1,Twitter for Android,184,509,1,,25/3/2018,"San Luis Potos√≠, M√©xico",Bienvenid@s somos una Asociaci√≥n Civil que brinda ayuda en diferentes √°mbitos a las familias mas vulnerablesü§ó,,,View
21/10/2020 16:35,@Actinver,Actinver,"üéÄ #OctubreRosa El c√°ncer de mama es de las principales causas de muerte en las mujeres mexicanas. Conoce #PREVIC√ÅNCER, un Seguro Individual de Gastos M√©dicos Mayores que te brinda protecci√≥n en caso de esta enfermedad.  üëâ",1319059836491993095,"https://bit.ly/3jsa4Pf
https://bit.ly/2ITvqIB",,,0,1,HubSpot,19185,3687,188,‚úÖ,23/6/2010,M√©xico,Twitter oficial de Actinver. Ent√©rate de las √∫ltimas noticias y eventos de enfoque patrimonial que te ayudar√°n a alcanzar tus objetivos financieros.,http://www.actinver.com/,,View
21/10/2020 16:35,@VPITV,VPItv,"El c√°ncer de mama no distingue de g√©nero, raza o posici√≥n econ√≥mica. ¬°Rev√≠sate con frecuencia! #OctubreRosa",1319059658091409408,,https://pbs.twimg.com/media/Ek49xN3X0AEW17c.jpg,,4,3,Hootsuite Inc.,537519,565,1168,‚úÖ,18/12/2015,Venezuela,Canal de Noticias EN VIVO üî¥ I Mira nuestra se√±al aqu√≠: I https://bit.ly/2FXPNmo I Youtube I ROKU | Apple TV | APP | Web |,http://www.vpitv.com,,View
21/10/2020 16:30,@TenekUxumchik,T√©nek Uxumchik = Mujeres Huastecas,üíïAl donar tu cabello haces feliz a una mujer con c√°ncer. Recibimos donaciones de cabello con un m√≠nimo de 30 a 35 cms ya trenzado. #MesRosa #mesdelasensibilizaciondelcancerdemama #OctubreRosa #MujeresEnSororidad,1319058400408469505,,https://pbs.twimg.com/media/Ek48n3eXgAIyG4m.jpg,,0,0,Twitter for Android,184,509,1,,25/3/2018,"San Luis Potos√≠, M√©xico",Bienvenid@s somos una Asociaci√≥n Civil que brinda ayuda en diferentes √°mbitos a las familias mas vulnerablesü§ó,,,View
21/10/2020 16:23,@FotoTiempo,FotoTiempo,La detecci√≥n temprana salva vidas. Es importante realizarse una autoexploraci√≥n para un diagn√≥stico precoz y ganarle la batalla al c√°ncer. #SacaPechoPorEllas #TocateParaQueNoTeToque #19Octubre #OctubreRosa #D√≠aMundialC√°ncerMama,1319056709051060225,,https://pbs.twimg.com/media/Ek47Dx2UUAIu3Jt.jpg,,0,0,Twitter Web App,3,17,0,,15/6/2020,Av. Rafael Atlixco #1142 Col. ,"Fotograf√≠a-V√≠deo para Sesi√≥n de Bodas, Bautizos, Comuniones, Eventos Sociales, XV A√±os, Ceremonias de Graduaci√≥n, y dem√°s acontecimientos. Cel: 55 1290 4935",,,View
21/10/2020 16:19,@DamianBarisch,Damian Barischpolski,"No es una moda. #OctubreRosa es el mes de la toma de conciencia sobre el C√°ncer de Mama. Compartiendo este video ya haces una bocha, porque mucha gente no sabe todav√≠a que lo tiene y todav√≠a pueden solucionarlo. Si lo agarr√°s a tiempo, est√°s a tiempo. #Tocate",1319055865043947520,,pic.twitter.com/R98F1GspyJ,,4,11,Twitter for iPhone,7751,1156,96,,29/10/2011,Argentina,"Padre y fan de 2 incre√≠bles pibitas. Periodista. #STC2000 #TC2000 #Dakar #TopRace #F1 INADI. Lo que piense puede no coincidir con vos, pero lo puedo soportar",https://diariodakar.wordpress.com/,,View
21/10/2020 16:11,@SGGEdomex,SGG Edom√©x,"#OctubreRosa | La detecci√≥n temprana del c√°ncer de mamas la acci√≥n m√°s importante en la lucha contra esta enfermedad. #√âchaleUnaManoATuSalud e inf√≥rmate en:  o llama al 722 212 64 26, 55 58 78 64 02 o al 55 82 84 12 61.",1319053602191597568,http://salud.edomex.gob.mx,https://pbs.twimg.com/media/Ejrnu-cWoAAkz9H.jpg,,3,13,Twitter Media Studio,48835,558,112,‚úÖ,16/9/2011,Toluca,Secretar√≠a General de Gobierno del @Edomex,http://sgg.edomex.gob.mx/,,View
21/10/2020 16:03,@EducaTele,EDUCA,"Una alimentaci√≥n balanceada, hacer ejercicio y evitar el consumo de alcohol y cigarrillo son formas de prevenir el desarrollo de c√°ncer mamario. . #OctubreRosa #C√°ncerDeMama",1319051714415218692,,pic.twitter.com/Hu8T4FnQIB,,0,0,Twitter Web App,4924,75,23,,6/6/2013,"Quito, Ecuador",Ecuador ya tiene una televisi√≥n para aprender. https://www.facebook.com/EducaTele,http://www.educa.ec,,View
21/10/2020 16:00,@IMSS_Mor,IMSS Morelos,"#OctubreRosa es el mes de sensibilizaci√≥n sobre el #C√°ncerDeMama üéÄ ""El c√°ncer de mama es curable cuando se detecta a tiempo"".",1319050943175032832,,https://pbs.twimg.com/media/Ek4118bW0AMZJCg.jpg,,2,2,Hootsuite Inc.,1874,226,14,,7/6/2016,"Cuernavaca, Morelos",#IMSSMorelos,http://www.imss.gob.mx,,View
21/10/2020 15:55,@cocodrilosbbc,Cocodrilos de Caracas,Estamos en el mes de sensibilizaci√≥n sobre el c√°ncer de mama y te regalamos wallpapers üì≤ con las jugadoras de la selecci√≥n nacional. #OctubreRosaüíó,1319049625370767364,,https://pbs.twimg.com/media/Ek40nqlWAAAkMmX.jpg,,8,34,Twitter for Android,73008,135,430,,8/2/2010,"Caracas, Venezuela.","Campe√≥nüèÜ de la LPB: 1992, 2000, 2008, 2010, 2013 y 2015-16. S√≠guenos en Instagram, Facebook, TikTok y YouTube: cocodrilosbbc.",http://www.cocodrilosbbc.com,,View
21/10/2020 15:43,@ArturoH19772369,Arturo Hern√°ndez,#√âchaleUnaManoATuSalud | El c√°ncer de mama se puede detectar oportunamente. ¬°Autoexpl√≥rate!. #PrevenirEsSalud #OctubreRosa @geramonro05 @TinocoGRogelio,1319046792286105601,,https://pbs.twimg.com/media/Ek4yEOpU0AAu9KS.jpg,,11,14,Twitter for iPhone,2110,488,3,,2/12/2017,"Toluca, M√©xico",Director de Coordinaci√≥n Regional de Educaci√≥n B√°sica,,,View
21/10/2020 15:34,@SecretariadoGEM,Secretariado EdoM√©x,"El c√°ncer de mama se puede detectar oportunamente. #√âchaleUnaManoATuSalud #OctubreRosa RT @SS_Edomex: #OctubreRosa | En la lucha contra el c√°ncer de mama es importante la detecci√≥n temprana. #√âchaleUnaManoATuSalud y llama al 722 212 64 26, 55 58 78 64 02 o al 55 82 84 12 61",1319044512484917248,https://twitter.com/SS_Edomex/status/1319043286594535430,https://pbs.twimg.com/media/Ek4je_KXUAAmcfN.jpg,,13,20,Twitter for Android,8727,625,29,,20/5/2014,Edom√©x,Secretariado Ejecutivo del Sistema Estatal de Seguridad P√∫blica del Estado de M√©xico.,https://www.facebook.com/SecretariadoGEM,,View
21/10/2020 15:34,@JilotepecSreb,SREB JILOTEPEC,#OctubreRosa | El c√°ncer de mama se puede detectar oportunamente mediante diagn√≥sticos y la autoexploraci√≥n. #PrevenirEsVivir,1319044376702701568,,https://pbs.twimg.com/media/Ek4v3sKW0AY17hO.jpg,,7,11,Twitter for Android,552,192,0,,29/10/2019,"Col. La Merced, Jilotepec",Profr. Rogelio Valencia Cisneros Subdirector Regional de Educaci√≥n B√°sica,,,View
21/10/2020 15:31,@Bancaribe,Bancaribe,Nos sumamos a #OctubreRosaüéÄ mes dedicado a la sensibilizaci√≥n sobre la lucha contra el c√°ncer de mama. No olvides la importancia de la autoexploraci√≥n. Prevenir ¬°Salva vidas!,1319043545983057921,,https://pbs.twimg.com/media/Ek4vHQyW0AMLuny.jpg,,0,1,SocialGest,100296,23947,473,,2/3/2010,Venezuela,"¬øTienes dudas sobre c√≥mo utilizar algunos de nuestros productos, servicios o canales? ¬øQuieres manejar mejor tus finanzas personales? Para eso estamos aqu√≠",http://www.bancaribe.com.ve,,View
21/10/2020 15:30,@DG_RegPub,DG Registro P√∫blico,"#OctubreRosa, recuerda que el c√°ncer de mama se puede detectar oportunamente. #PrevenirEsSalud #√âchaleUnaManoATuSalud @SaludEdomex @Edomex",1319043363094614018,,https://pbs.twimg.com/media/Ek4u8u5WMAU-Gy4.jpg,,0,0,Hootsuite Inc.,796,80,5,,22/11/2016,Estado de M√©xico,Direcci√≥n General del Registro Estatal de Transporte P√∫blico.,https://twitter.com/SEMOV_Edomex,,View
21/10/2020 15:30,@SS_Edomex,Seguridad #Edom√©x,"#OctubreRosa | En la lucha contra el c√°ncer de mama es importante la detecci√≥n temprana. #√âchaleUnaManoATuSalud y llama al 722 212 64 26, 55 58 78 64 02 o al 55 82 84 12 61",1319043286594535430,,https://pbs.twimg.com/media/Ek4je_KXUAAmcfN.jpg,,57,56,Twitter Media Studio,146904,557,421,‚úÖ,2/11/2011,"Toluca, M√©xico",Secretar√≠a de Seguridad del @Edomex.,http://sseguridad.edomex.gob.mx,,View
21/10/2020 15:30,@FiscaliaEdomex,Fiscal√≠a Edom√©x,"Si tienes entre 40 y 69 a√±os, asiste con tu especialista cada a√±o para que te realice una mastograf√≠a; recuerda que el c√°ncer de mama se puede detectar a tiempo. #C√°ncerDeMama, #OctubreRosa.",1319043285780844544,,https://pbs.twimg.com/media/Ektn959XUAAk0B6.jpg,,5,9,Twitter for Advertisers (legacy),81246,453,244,‚úÖ,3/11/2011,Estado de M√©xico,Fiscal√≠a General de Justicia del @Edomex.,http://fgjem.edomex.gob.mx/,,View
21/10/2020 15:21,@RebecaSaldaa13,Rebeca Salda√±a,#OctubreRosa ¬°Inf√≥rmate sobre el c√°ncer de mama! Recuerda que tiene cura si se de detecta a tiempo. #EchaleUnaManoATuSalud #PrevenirEsSalud @SaludEdomex @Edomex,1319041139161419778,,https://pbs.twimg.com/media/Ek4s7PNXUAA9Yg4.jpg,,2,2,Twitter for Android,504,22,1,,4/4/2019,,Subdirectora Regional de Educaci√≥n B√°sica Toluca,,,View
21/10/2020 15:14,@CONVIVEedomex,CONVIVE,"Mes de sensibilizaci√≥n #OctubreRosa, sobre el c√°ncer de mama. #√âchaleUnaManoATuSalud. Un diagn√≥stico temprano y oportuno incrementa las probabilidades de curaci√≥n. Inf√≥rmate en:  o llama al 722 212 64 26, 55 58 78 64 02 o al 55 82 84 12 61. @SaludEdomex",1319039331059814402,http://salud.edomex.gob.mx,https://pbs.twimg.com/media/Ek4rLjfXgAMJnAY.jpg,,0,1,Twitter Web App,2114,130,5,,27/11/2017,,Consejo para la Convivencia Escolar. | @SEDUCedomex @edomex,,,View
21/10/2020 15:10,@LetyAguirre8,Lety Aguirre,El c√°ncer de mama se puede detectar oportunamente. #OctubreRosa #EchaleUnaManoATuSalud,1319038278599925760,,https://pbs.twimg.com/media/Ek4qUnrXYAE7hfi.jpg,,1,0,Twitter for iPhone,473,38,1,,4/4/2019,,Subdirectora Regional de Educaci√≥n B√°sica Ixtapan de la Sal,,,View
21/10/2020 15:07,@comecyt,Ciencia Edomex,A partir de los 40 a√±os real√≠zate una mastograf√≠a. Recuerda que el c√°ncer de mama se puede detectar a tiempo. #PrevenirEsSalud #OctubreRosa #EchaleUnaManoATuSalud,1319037496035020800,,https://pbs.twimg.com/media/Ek3gh_3WkAEnQIT.jpg,,1,0,TweetDeck,10378,1119,171,,22/6/2010,"Toluca, M√©xico","Promueve el avance cient√≠fico y tecnol√≥gico, vincula a los sectores productivo y social con centros de investigaci√≥n cient√≠fica y desarrollo tecnol√≥gico",http://comecyt.edomex.gob.mx,,View
21/10/2020 15:06,@farmacia_burgos,Farmacia Reyes de Santiago,Cuando te explores esto es lo que tienes que buscar üëá ‚ñ∂Ô∏è Bultos o n√≥dulos ‚ñ∂Ô∏è Cambios en el pez√≥n ‚ñ∂Ô∏è Cambios en la piel de la mama ‚ñ∂Ô∏è Menor movilidad al levantar el brazo üëâ Te asesoramos üîó  #cancerdemama #cancer #c√°ncer #octubrerosa #farmaciaburgos,1319037329152086016,http://www.farmaciaburgos.com,https://pbs.twimg.com/media/Ek4pdZEWMAITG9S.jpg,,0,0,SocialGest,475,721,7,,16/10/2013,"Burgos, Espa√±a","Expertas en tratamientos dermatol√≥gicos üë©, en #dejardefumar üö¨ y en #cosmetica ¬∑ üìçEncu√©ntranos en Avenida Cantabria, N¬∫ 31, 09006 Burgos üìû 947 22 09 02",https://farmaciaburgos.com/,,View
21/10/2020 15:04,@UIEMOficial,Universidad Intercultural del Estado de M√©xico,"#OctubreRosa, mes de la sensibilizaci√≥n sobre el c√°ncer de mama. Para m√°s informaci√≥n, consulta en:",1319036784697921536,http://salud.edomex.gob.mx,https://pbs.twimg.com/media/Ek4o9s6XEAE_WjB.jpg,,5,5,Twitter for iPhone,1309,429,6,,7/2/2018,"San Felipe del Progreso, Estad",La UIEM ofrece conocimientos hol√≠sticos y de metodolog√≠a anal√≠tica para que el alumno pueda analizar los problemas sociales y ambientales de su entorno.,,,View
21/10/2020 15:02,@QRPoficial,QRP,"Octubre, mes de la sensibilizaci√≥n sobre el c√°ncer de mama üéÄ  #OctubreRosa #QRPsocial #MesDeLaPrevenci√≥nDelC√°ncerDeMama",1319036469642694656,http://bit.ly/2F10TVd,https://pbs.twimg.com/media/Ek4orG9WMAI9jll.jpg,,8,23,Twitter for iPhone,27407,22127,85,,11/4/2019,LATINOAM√âRICA,@QuarterPress #QuarterRockPress Primera Agencia de Noticias Rock #QRP Por la profesionalizaci√≥n del Periodismo Rock #QuarterRockPressSeDiceQRP #ElRockEst√°Aqu√≠,http://www.quarterrockpress.com,,View
21/10/2020 14:51,@tucontable_ccs,tucontable,apoya la prevenci√≥n contra el c√°ncer de mama y le env√≠a fuerzas a las mujeres y hombres que luchan contra esta enfermedad #tucontable #CancerDeMama #Prevencion #MesRosa #OctubreRosa #apoyo #contabilidad #CCS #Venezuela,1319033572502720512,http://tucontable.com,https://pbs.twimg.com/media/Ek4mCNwXgAEqJ8H.jpg,,1,0,Twitter for Android,1,0,0,,14/10/2020,Caracas-Venezuela,Expertos en contabilidad. Cont√°ctanos al 0212-6334122,http://www.tucontable.com,,View
21/10/2020 14:48,@sntsa_37,Sindicato de Salud de Guanajuato SNTSA37,En el Hospital Materno Infantil de Le√≥n participando en la elaboraci√≥n de un coraz√≥n que representa apoyo a todas las mujeres que padecen Cancer de Mama. Trabajando en conjunto Autoridades y Representantes sindicales. #OctubreRosa #SNTSA37EnAcci√≥n,1319032847018172416,,https://pbs.twimg.com/media/Ek4lYmXXUAEnEHE.jpg,,6,12,Hootsuite Inc.,1138,98,4,,16/4/2013,"Jard√≠n del Cantador #90, Zona ",Misi√≥n: Garantizar la satisfacci√≥n de las necesidades laborales de las y los profesionales de la salud del ISAPEG y contribuir a elevar su calidad de vida,http://sntsa37.org,,View
21/10/2020 14:47,@bancodetapitas,Banco de Tapitas A.C. ‚Ñπ,"Ella es Aime, amiga y compa√±era de cama de Ari. El d√≠a de hoy nos di√≥ una gran ense√±anza de vida, decidi√≥ donar su cabello a #MovimientoRapunzel. Gracias por compartir un poco de amor con quien lo necesita. #DonaTuCabello #bancodetapitas.",1319032567325028352,,https://pbs.twimg.com/media/Ek4lG7BUUAUHV3J.jpg,,8,16,Twitter for iPhone,7117,1001,20,,16/12/2015,M√©xico,"ONG Recolectamos tapitas de pl√°stico para combatir #C√°ncerInfantil, s√≠guenos si quieres ser parte donde #LosBuenosSomosM√°s http://bancodetapitas.org",http://www.bancodetapitas.org,,View
21/10/2020 14:47,@SEIEM_,SEIEM,"#OctubreRosa, mes de sensibilizaci√≥n sobre el c√°ncer de mama, autoexpl√≥rate. #√âchaleUnaManoATuSalud @Edomex @SaludEdomex",1319032545040683008,,https://pbs.twimg.com/media/Ek4lE_0VgAILOKZ.jpg,,2,4,Twitter Web App,7667,153,14,,22/5/2015,,Servicios Educativos Integrados al Estado de M√©xico. | @SEDUCedomex,https://www.facebook.com/SEIedomex,,View
21/10/2020 14:43,@SREBNaucalpan,Subdireccion Naucalpan,"#PrevenirEsSalud | El c√°ncer de mama se puede detectar oportunamente, es importante realizarte revisiones y acudir al m√©dico, #√âchaleUnaManoATuSalud. Recuerda hacer una cita durante este mes, #OctubreRosa @Edomex @SaludEdomex",1319031640237076480,,https://pbs.twimg.com/media/Ek4kSLxVMAEHgcR.jpg,,3,4,Twitter for iPhone,540,34,0,,9/10/2019,,,,,View
21/10/2020 14:35,@VPITV,VPItv,"El c√°ncer de mama no distingue de g√©nero, raza o posici√≥n econ√≥mica. ¬°Rev√≠sate con frecuencia! #OctubreRosa",1319029458926534658,,https://pbs.twimg.com/media/Ek4iTZpXUAEMVZS.jpg,,5,7,Hootsuite Inc.,537519,565,1168,‚úÖ,18/12/2015,Venezuela,Canal de Noticias EN VIVO üî¥ I Mira nuestra se√±al aqu√≠: I https://bit.ly/2FXPNmo I Youtube I ROKU | Apple TV | APP | Web |,http://www.vpitv.com,,View
21/10/2020 14:27,@CecytemIxtapal1,CECyTEM Ixtapaluca,#OctubreRosa El C√°ncer de mama se puede detectar oportunamente #√âchaleUnaManoATuSalud. @Edomex @SaludEdomex,1319027568104951809,,https://pbs.twimg.com/media/Ek4f17HXgAUqNDG.jpg,,0,0,Twitter Web App,421,104,1,,11/8/2015,,,,,View
21/10/2020 14:26,@CecytemJocot,CECyTEM Jocotitl√°n,#OctubreRosa. El c√°ncer de mama se puede prevenir al detectarlo a tiempo @SaludEdomex te brindan informaci√≥n en: . #√âchaleUnaManoATuSalud #PrevenirEsSalud,1319027301938393088,http://salud.edomex.gob.mx,https://pbs.twimg.com/media/Ek4gV1MUwAAhQXe.jpg,,0,0,Twitter for Android,452,132,2,,31/5/2015,"Jocotitl√°n, M√©xico",,http://facebook.com/CecytemPlantelJocotitlan,,View
21/10/2020 14:15,@CecytemChicolpn,CECyTEM Chicoloapan,#√âchaleUnaManoATuSalud #OctubreRosa El c√°ncer de mama se puede detectar oportunamente #PrevenirEsSalud. Inf√≥rmate en:  o llama a los n√∫meros 722 212 64 26 55 58 78 64 02 55 82 84 12 61 @Edomex @SaludEdomex,1319024547274891267,http://salud.edomex.gob.mx,https://pbs.twimg.com/media/Ek4cl8gW0AEcJL9.jpg,,0,0,Twitter Web App,643,393,4,,26/5/2015,Chicoloapan de Ju√°rez,,http://facebook.com/CecytemPlantelChicoloapan,,View
21/10/2020 14:14,@CecytemJilotep,CECyTEM Jilotepec,"Acude a tu m√©dico o realiza la autoexploraci√≥n, el c√°ncer de mama se puede detectar oportunamente. #OctubreRosa #PrevenirEsSalud @alfredodelmazo",1319024334313295888,,https://pbs.twimg.com/media/Ek4dnbMWMAAVbcq.jpg,,0,0,Twitter for Android,388,165,2,,10/7/2015,,,,,View
21/10/2020 14:10,@CESPDEM,@CESPDEM,"#√âchaleUnaManoATuSalud El c√°ncer de mama se puede detectar oportunamente, mastograf√≠as y ultrasonidos a partir de los 40 a√±os. #PrevenirEsSalud #OctubreRosa @SaludEdomex @Edomex",1319023151624474624,,https://pbs.twimg.com/media/EjwZFE9X0AABvaS.jpg,,2,5,Twitter Media Studio,5521,208,6,,20/8/2015,,Coordinaci√≥n Estatal del Servicio Profesional Docente del Estado de M√©xico.,http://cespd.edomex.gob.mx,,View
21/10/2020 14:08,@MileSalvini,Miüíö,"Algunas se cortan y donan su pelo, otras se lo ti√±en. Algunas llevan un simple lazo rosa. Lo importante es poder representar la Lucha contra el cancer de mama. #OctubreRosa",1319022765068922880,,,,1,4,Twitter for iPhone,2539,850,0,,26/4/2013,"Santa Fe , Argentina",kinesiolog√≠a y fisiatria üìö ig:milesalvini81,,,View
21/10/2020 14:06,@MACFUT,MACFUT,LA MEJOR MANERA DE LUCHAR CONTRA EL CANCER DE MAMAS ES PROMOVER LA DETECCION TEMPRANA üíü #LALCEC #PrevenirEsAmar #Mamograf√≠as #Chequeo #Estudio #Salud #octubrerosaüéÄ #JuntosContraElC√°ncerDeMama,1319022308711976963,,https://pbs.twimg.com/media/Ek4bx-9WMAAhB2e.png,,2,3,Twitter Web App,1801,156,10,,25/4/2011,Argentina,Asociacion Civil Mujeres Asociadas a Clubes de F√∫tbol Argentino,,,View
21/10/2020 14:00,@LaNacionPy,Diario La Naci√≥n,"#OctubreRosa | Es importante el constante autocontrol ‚úãüèΩ en la zona mamaria para detectar cualquier irregularidad a tiempo. Ante cualquier molestia, consult√° al centro de salud m√°s cercano üè• ¬°El c√°ncer de mama se diagnostica si se detecta a tiempo!",1319020636761706497,,pic.twitter.com/eJFIzNEm6z,,4,4,TweetDeck,324129,436,781,‚úÖ,13/7/2010,Paraguay,"Informaci√≥n, an√°lisis y opini√≥n hace 25 a√±os. Facebook: http://facebook.com/lanacionpy Instagram: @lanacionpy YouTube: http://youtube.com/LaNacionParaguayGNC",http://www.lanacion.com.py,,View
21/10/2020 13:55,@juliacuellar82,Julia Cuellar,"Seguimos recibiendo sus ilustraciones. Nos censura Facebook as√≠ que por favor ayuden a compartir esta convocatoria, apoyen en la sensibilizaci√≥n del c√°ncer de mama. #CancerAwarenessMonth #pinktober #PinkOctober #OctubreRosa #inktober2020",1319019397382623238,,https://pbs.twimg.com/media/Ek4ZJArX0AETD2i.jpg,,5,3,Twitter for Android,1526,2298,30,,24/7/2009,,"Comunic√≥loga. Libros: Amor en presente, historias contadas en twitter. Crear en apuros, manual de escritura creativa. Co-creadora de Bit√°cora52 y BazarFular",http://juliacuellar.net,,View
21/10/2020 13:45,@maac_ac,"Mexicana de Acreditaci√≥n, MAAC, A.C.","#OctubreRosa, es reconocido mundialmente para crear conciencia sobre el c√°ncer de mama y as√≠ promover la autoexploraci√≥n, revisiones peri√≥dicas y chequeos para poder detectarlo a tiempo. üéóÔ∏èüåé",1319017041064382464,,pic.twitter.com/w2t4k4j4M0,,1,2,Twitter Web App,84,6,0,,27/4/2020,Ciudad de M√©xico,Asociaci√≥n Civil autorizada para operar como entidad de acreditaci√≥n de Organismos de Certificaci√≥n de Sistemas de Gesti√≥n. üìß contacto@maac-ac.com.mx,https://maac-ac.com.mx/,,View
21/10/2020 13:39,@BomberosBGA,Bomberos de Bucaramanga,¬°El #C√°ncerDeMama No discrimina por condici√≥n de sexo! Queremos conmemorar el mes de la Lucha Contra el C√°ncer de Mama #OctubreRosa La gente valiente y luchadora es la que inspira y da sentido a la vida ¬°Mucho √°nimo valientes! üôå,1319015559963594752,,https://pbs.twimg.com/media/Ek4VqVRW0AIb2wT.jpg,,4,6,Twitter for Android,2093,1910,6,,31/5/2018,"Bucaramanga, Colombia","Prestamos un servicio esencial, enfocado a la prevenci√≥n y atenci√≥n integral del riesgo, capacitaci√≥n y formaci√≥n. L√≠nea de Emergencia üìû119 üë®üèª‚Äçüöí",http://www.bomberosdebucaramanga.gov.co,,View
21/10/2020 13:31,@SalvatiAC,Salvati AC,"En el movimiento #EstamosAqu√≠, trabajamos para que todas las pacientes con c√°ncer de mama cuenten con atenci√≥n de calidad en todo el pa√≠s. En este #OctubreRosa, queremos hacer o√≠r nuestras voces.",1319013419106918408,https://fb.watch/1gl1wcTN6Z/,,,0,0,Twitter Web App,1698,519,24,,3/9/2012,M√©xico DF,"Somos una Asociaci√≥n Civil sin fines de lucro, que apoya a pacientes con c√°ncer de bajos recursos y a sus familias a mejorar su calidad de vida.",http://www.salvati.org.mx,,View
21/10/2020 13:23,@NewHollandArg,New Holland Argentina,¬°Sumate a nuestras #MujeresEnCampa√±a! üë©üèº‚Äçüåæ Con la compra de esta remera de nuestra colecci√≥n #OctubreRosa estamos juntos apoyando a MACMA en la prevenci√≥n y concientizaci√≥n del c√°ncer de mama. Ingres√° a este link para conocer m√°s  Gracias @chechugiorgi üëå,1319011532345384960,http://www.xn--mujeresencampaa-crb.ar,https://pbs.twimg.com/media/Ek4R_wYXIAMGjD-.jpg,,0,3,Twitter for iPhone,2695,476,18,,1/6/2011,Argentina,"Twitter oficial de New Holland Agriculture Argentina. Noticias de la marca, productos, eventos en vivo y mucho m√°s. +54 9 11 60359753",https://youtu.be/OQ8V-d03rgc,,View
21/10/2020 13:22,@CampoEdomex,Secretar√≠a del Campo Edom√©x,#OctubreRosa | El c√°ncer de mama es curable si se detecta a tiempo.,1319011113934196737,,https://pbs.twimg.com/media/Ek4RRvJWMAEwN4Q.jpg,,5,11,Twitter Web App,11560,1901,51,,20/2/2012,"Metepec, Estado de M√©xico.",Secretar√≠a del Campo del @edomex,http://www.edomex.gob.mx/sedagro,,View
21/10/2020 13:10,@LESOTHER,Dra. Soto,#OctubreRosa #autoexpl√≥rate Mes para la concientizaci√≥n del c√°ncer de mama. üå∏,1319008230614466561,,https://pbs.twimg.com/media/Ek4O_f_XEAEstBS.jpg,,0,0,Twitter for iPhone,594,966,8,,28/6/2011,La  Verde Antequera,M√©dico de Cuerpo y Almas.,,,View
21/10/2020 13:04,@VinZinacantepec,Cecytem Zinacantepec,"#OctubreRosa , mes de sensibilizaci√≥n sobre el c√°ncer de mama . Recuerda realizarte una autoexploraci√≥n peri√≥dicamente #√âchaleUnaManoATuSalud . @SaludEdomex @Edomex",1319006639257767938,,https://pbs.twimg.com/media/Ek4NgQFXYAQtJZE.jpg,,0,0,Twitter Web App,90,193,0,,3/6/2015,"Zinacantepec, M√©xico",,,,View
21/10/2020 13:02,@MILC_Mx,MILC,"En el movimiento #EstamosAqu√≠, trabajamos para que todas las pacientes con c√°ncer de mama cuenten con atenci√≥n de calidad en todo el pa√≠s. En este #OctubreRosa, queremos hacer o√≠r nuestras voces.",1319006133005258752,https://bit.ly/2Hn3RXi,,,0,0,Twitter Web App,384,922,5,,23/9/2015,M√©xico,,http://www.milc.org.mx,,View
21/10/2020 12:55,@COBUPEM,COBUPEM,"La detecci√≥n oportuna del c√°ncer de mama, es la acci√≥n m√°s importante en esta lucha. #EchaleUnaManoATuSalud #OctubreRosa",1319004382898364417,,https://pbs.twimg.com/media/Ek4LfL5W0AAKaz5.jpg,,0,4,Twitter for Android,1401,189,7,,28/2/2019,"Toluca, M√©xico",Comisi√≥n de B√∫squeda de Personas del Edom√©x.,,,View
21/10/2020 12:55,@RousFloresN,Rosario Flores,"#bullying de funcionarios a sobreviviente de c√°ncer en @CSSPanama #Solidaridad #DiaMundialdelCancerdeMama @adelasaltiel @limyueng @CastaliaPascual @AxelRivera06 RT @RousFloresN: @CSSPanama #bullying sobreviviente d c√°ncer""La agencia css de los andes depto planilla se llama minerva.Donde voy a pagar el css nunca me han pedido contrase√±a ni en clayton la jefa del depto me dijo que si yo pensaba que tenia empleada @focopanama @AlvaroAlvaradoC",1319004328317898752,https://twitter.com/RousFloresN/status/1318971453656735744,,,2,3,Twitter for Android,100,302,0,,11/11/2016,,Emprendedora,,,View
21/10/2020 12:53,@imdodrog,imdodrog,Hacerte autoexamen para la prevenci√≥n sobre el c√°ncer de mama puede salvarte la vida. #vida #venezuela #caracas #barinas #salud #familia #octubre #miercoles #diamundialdelcancerdemama #imdodrogueria,1319003924423213058,,https://pbs.twimg.com/media/Ek4LE-0X0AAIync.jpg,,0,0,Twitter for Android,10,65,0,,13/12/2018,"Chacao, Torre Exa, Caracas","Empresa dedicada a la distribuci√≥n de equipo m√©dico quir√∫rgico, descartables y f√°rmacos üíäüî≠üíâüî¨üå°Ô∏èüè•üíâ",https://linktr.ee/indodrog,,View
21/10/2020 12:39,@IEECOLIMA,IEE Colima,#√önete a la campa√±a #OctubreRosa contra el c√°ncer de mama. El Dr. Daniel Salas nos habla sobre los factores de riesgo y prevenci√≥n üìπ‚ñ∂Ô∏èüëáüèæ,1319000293552443392,https://www.youtube.com/results?search_query=iee+colima,https://pbs.twimg.com/media/Ek4HixxUUAA46MF.jpg,,1,2,Twitter Web App,3243,488,71,,14/4/2011,"Colima, Colima","El Instituto Electoral del Estado de Colima, es un Organismo P√∫blico Aut√≥nomo, de car√°cter permanente con personalidad jur√≠dica y patrimonio propio.",http://www.ieecolima.org.mx,,View
21/10/2020 12:35,@VPITV,VPItv,"El c√°ncer de mama no distingue de g√©nero, raza o posici√≥n econ√≥mica. ¬°Rev√≠sate con frecuencia! #OctubreRosa",1318999274013720576,,https://pbs.twimg.com/media/Ek4G2ZSXUAIu2z9.jpg,,1,5,Hootsuite Inc.,537519,565,1168,‚úÖ,18/12/2015,Venezuela,Canal de Noticias EN VIVO üî¥ I Mira nuestra se√±al aqu√≠: I https://bit.ly/2FXPNmo I Youtube I ROKU | Apple TV | APP | Web |,http://www.vpitv.com,,View
21/10/2020 12:31,@Gestarsalud,Gestarsalud,"‚ÄúEl c√°ncer es una enfermedad dur√≠sima, pero si la tomas de la manera adecuada puede ser la bendici√≥n m√°s inesperada, como lo fue para m√≠‚Äù. - Katerine Cabrera. #OctubreRosa #CancerDeMama üì∞üëâ",1318998295054897167,https://bit.ly/34k2D84,https://pbs.twimg.com/media/Ek4F9IdWMAA9o_1.jpg,,0,3,Twitter for iPhone,4498,1008,20,,18/4/2011,Colombia,Asociaci√≥n de Empresas Gestoras del Aseguramiento en Salud en Colombia. Encuentra aqu√≠ temas de salud y bienestar.,http://www.gestarsalud.com,,View
21/10/2020 12:30,@RevistaHC,Revista High Class,"Hace 40 a√±os, hablar del c√°ncer no era algo frecuente, y menos cuando se trataba de celebridades y famosos ‚Äîhasta que lleg√≥ Betty Ford para instalar una conversaci√≥n que sigue vigente hasta hoy #OctubreRosa",1318997987691986944,,,,0,2,Twitter for Advertisers (legacy),2589,920,34,,24/8/2010,"Asunci√≥n, Paraguay","High Class es una de las pioneras del mercado, con 14 a√±os de trayectoria innovando en el rubro editorial.",http://www.highclass.com.py/,,View
21/10/2020 12:18,@InclusionyCm12,inclusi√≥n y compromiso.,"En el marco del d√≠a internacional de la lucha contra el c√°ncer de mama, compartimos informaci√≥n sobre el autoexamen, examen profesional y la mamograf√≠a. Prevenir es cuidarte üíó #OctubreRosa",1318994971232522241,,https://pbs.twimg.com/media/Ek4C6KUWMAcw5ZI.jpg,,1,2,Twitter for Android,35,53,0,,6/4/2020,"La Plata, Argentina",Media 12 Gonnet. Conducci√≥n del CEM12 2020 üíõüíó,http://www.instagram.com/inclusionycompromiso8,,View
21/10/2020 12:13,@FlorEmyGuerra,Emilia Guerra,"Este mes se pinta de rosa para honrar la lucha de las mujeres en M√©xico y el mundo contra el c√°ncer de mama. Pero, sobre todo, para crear conciencia. La detecci√≥n temprana sigue siendo la pieza angular para derrotar a esta enfermedad. ¬°T√≥cate para que no te toque! #OctubreRosa",1318993848211824641,,https://pbs.twimg.com/media/Ek4B6izWMAAusfq.jpg,,0,0,Twitter for Android,142,162,0,,19/1/2013,"Mazatl√°n, Sinaloa","Diputada local, orgullosa de la tierra que me vi√≥ nacer, rockera de coraz√≥n, caminando hacia la utop√≠a... morena",,,View
21/10/2020 12:09,@LiliaSarmient10,"Lilia Sarmiento G√≥mez, Oficial",Les comparto este video informativo sobre el c√°ncer de mama en los hombres. No es un padecimiento exclusivo de las mujeres y los hombres tambi√©n deben autoexplorarse. #OctubreRosa #SigoContigo RT @Tu_IMSS: ¬øSab√≠as que los hombres tambi√©n pueden padecer #C√°ncerDeMama? Conoce m√°s en nuestra sesi√≥n #EnVivo #OctubreRosa,1318992822062751750,"https://twitter.com/Tu_IMSS/status/1318990482756620288
https://www.pscp.tv/w/cl8rOzEzNjM4MDE3fDFkakdYb055akRCS1pQZx4W2FORxTHMr6raKEZrMfBHcUgb9QUmegBrLHUYWA==",,,1,2,Twitter Web App,211,486,5,,9/10/2019,Congreso De La Ciudad deMexico,Diputada Local GAM Presidenta de la Comisi√≥n de Educaci√≥n https://www.facebook.com/LiliaMariaSarmiento/,http://www.liliasarmiento.com,,View
21/10/2020 12:00,@MedicinaEl,MedicinaPorElDerechoADecidir,"#MPDD #OctubreRosa #CancerDeMama El 65% de los tumores de mama tienen fenotipo luminal; es decir, son HER2 negativos con receptor hormonal positivo. Fuente: Mart√≠n, M., Herrero, A., & Echavarr√≠a, I. (2015). El c√°ncer de mama. Arbor, 191(773), 234.",1318990621214953474,,https://pbs.twimg.com/media/Ek3--rHWAAchoSp.jpg,,2,7,Twitter for Android,1937,396,2,,14/5/2020,Am√©rica Latina,"Grupo de m√©dicas, enfermeras, psic√≥logas y voluntarias tituladas o en titulaci√≥n, que apoyan la legalizaci√≥n del aborto.",https://www.facebook.com/medicaabortera/,,View
21/10/2020 11:59,@perimetralp,Perimetral,#DelDatoAlRelato üëÅÔ∏èüîé | #OctubreRosa #C√°ncerDeMama üëâ ¬øQu√© es el c√°ncer de mama? ¬øConoces las ventajas de la autoexploraci√≥n? üëÇüéß Escucha esta c√°psula informativa: üëá  Infograf√≠a por: @itzelinda14,1318990284605325313,"https://perimetral.press/el-cancer-de-mama-existe-mas-alla-de-octubre/
https://view.genial.ly/5f85d90b555a670cfc2ed72c/interactive-content-cancer-de-mama",,,0,4,Twitter Web App,5043,3430,42,,25/7/2013,"Jalisco, M√©xico",Periodismo sonoro. Investigamos historias con perspectiva de derechos humanos. En Telegram https://t.me/perimetral en Whastapp https://wa.link/3jr0lq,http://perimetral.press,,View
21/10/2020 11:53,@DifTulancingo,DIF Tulancingo,"Como parte de la prevenci√≥n y sensibilizaci√≥n en el mes del c√°ncer de mama, la presidenta del #DIFTulancingo, coloc√≥ el distintivo rosa a los funcionarios de las oficinas de Presidencia Municipal. #OctubreRosa #MesRosa #C√°ncerDeMama #DIFTulancingo",1318988703352737792,,https://pbs.twimg.com/media/Ek39JYiXEAU6nuv.jpg,,0,0,Twitter Web App,208,21,0,,6/10/2017,"Tulancingo de Bravo, Hidalgo",,,,View
21/10/2020 11:47,@elmananareynosa,El Ma√±ana de Reynosa,#Reynosa #OctubreRosa; Tejen productos para enfermos con c√°ncer. ‚ñ∂Ô∏è,1318987201858949120,https://bit.ly/2ILDs68,https://pbs.twimg.com/media/Ek373eaWAAE7yUS.jpg,,0,0,Twitter Web App,14497,308,55,,3/11/2010,"Reynosa,Tamaulipas; M√©xico",Perfil oficial EL MA√ëANA,http://www.elmanana.com,,View
21/10/2020 11:45,@OcoyoacacGob,Gobierno de Ocoyoacac,"#OctubreRosa | Te invitamos a nuestra videoconferencia ‚ÄúImpacto Psicol√≥gico del C√°ncer de Mama‚Äù el d√≠a de hoy, mi√©rcoles 21 de octubre a las 16:00 Hrs; que ser√° impartida por nuestro Departamento de la Mujer. S√≠guenos a trav√©s de Facebook/Live.",1318986679500374017,,https://pbs.twimg.com/media/Ek37ZSAX0AAo1de.jpg,,0,1,Hootsuite Inc.,168,18,0,,20/3/2019,"Ocoyoacac, M√©xico",Ayuntamiento Municipal Constitucional de Ocoyoacac.,https://ocoyoacac.gob.mx/,,View
21/10/2020 11:40,@Dr_Ivanoncologo,Dr. Iv√°n R. Gonz√°lez,"Recuerda que la prevenci√≥n y la informaci√≥n son nuestras mejores herramientas contra el c√°ncer de mama, acude con un especialista en caso de detectar alguna de estas se√±ales en tu cuerpo. #DrIv√°nGonz√°lez #Onc√≥logo #OctubreRosa #Prevenci√≥n #Informaci√≥n #C√°ncerdeMama",1318985419564945410,,https://pbs.twimg.com/media/Ek36MVvXIAMlyJy.png,,0,1,Twitter Web App,822,1138,7,,4/3/2012,"Puebla, Pue.",Soy Internista y Onc√≥logo en la ciudad de Puebla. El tratamiento del c√°ncer debe de ser personalizado y adaptarse a las necesidades individuales del paciente.,http://oncologopuebla.mx,,View
21/10/2020 11:36,@munilabanda,Municipio de La Banda,#OctubreRosa üìå El intendente Pablo Mirolo se reuni√≥ con las integrantes de la agrupaci√≥n ‚ÄúGuerreras contra el c√°ncer de mama‚Äù para coordinar acciones que generen conciencia sobre la incorporaci√≥n de medidas de prevenci√≥n que permitan salvar vidas.,1318984434683662338,https://www.labanda.gob.ar/mirolo-coordino-acciones-con-una-organizacion-para-seguir-sumando-a-la-lucha-contra-el-cancer-de-mama/,,,0,0,Twitter for iPhone,596,190,0,,11/3/2013,La Banda - Santiago del Estero,Cuenta oficial de la Municipalidad de La Banda. Intendencia Pablo Mirolo. https://www.facebook.com/MunicipalidadDeLaBanda/,http://www.labanda.gob.ar,,View
21/10/2020 11:15,@ERC_LaSegarra,ERC La Segarra,üíü El president del @cc_urgell Gerard Balcells ens anima a col.laborar en la campanya d'Ecovidrio del #DiaMundialdelC√†ncerdeMama a #T√†rrega. üëâ Objectiu: recollir fons per la lluita contra el c√†ncer de mama i ‚ôªÔ∏è potenciar el reciclatge üíü Properament a #Agramunt i #Bellpuig,1318979130747215873,,pic.twitter.com/XbrfzkfThh,,0,0,Twitter for Android,358,474,7,,6/6/2016,La Segarra,Comarcal d'Esquerra Republicana de Catalunya a la Segarra,http://locals.esquerra.cat/segarra,,View
21/10/2020 11:11,@daniel_carrillo,Daniel Carrillo Mtz,"En la colonia Nicol√°s Bravo, mi admiraci√≥n a Juanita quien ha sido valiente desde hace muchos a√±os para enfrentar esta terrible enfermedad #cancer y mi solidaridad con Lety su hermana, un estandarte de acompa√±amiento en este proceso continuo de vida. #OctubreRosa",1318978228795617282,,https://pbs.twimg.com/media/Ek3zs98WkAA2c02.jpg,,0,8,Twitter for iPhone,3142,943,25,,18/10/2009,San Nicol√°s de los Garza,Econom√≠a/Finanzas P√∫blicas. M√©xico sin Hambre @hambreceronl @gobsanicolas Viva la Familia!,http://www.sanicolas.gob.mx,,View
21/10/2020 11:10,@SergioGDF,Sergio Guerra,"#√âchaleUnaManoATuSalud | Si tienes entre 40 y 69 a√±os acude a tu unidad de salud y real√≠zate una mastograf√≠a, es gratuita. Recuerda que el c√°ncer de mama es curable si se detecta a tiempo. #OctubreRosa #PrevenirEsSalud @SaludEdomex",1318977945956995073,,https://pbs.twimg.com/media/Ek3zcUwW0AIJwaP.jpg,,2,11,Twitter for Android,1444,284,0,,3/3/2017,"Toluca, M√©xico",Subsecretario de Administraci√≥n y Finanzas de la @SeducEdoMex.,,,View
21/10/2020 11:01,@SEMSedomex,SEMS,#OctubreRosa | #Sab√≠asQue para prevenir el c√°ncer de mama es importante checarnos una vez al a√±o. #√âchaleUnaManoATuSalud e inf√≥rmate en üëâ . #PrevenirEsSalud @Edomex @SaludEdomex,1318975619049377792,http://salud.edomex.gob.mx,https://pbs.twimg.com/media/Ek3xVXCXEAAV4SH.jpg,,3,2,Buffer,6165,342,13,,3/12/2014,"Toluca, Estado de M√©xico",Subsecretar√≠a de Educaci√≥n Media Superior. @SEDUCedomex,http://edomex.gob.mx/,,View
21/10/2020 11:00,@atq140,Ana Tq,"Un a√±o m√°s al pie del ca√±√≥n, un a√±o m√°s investigando. D√≠a del c√°ncer de mama #19DeOctubre #CancerDeMama @GemaMorBue @ASEICAnews @aecc_es @aecc_es #SinCienciaNoHayFuturo",1318975430985158659,,https://pbs.twimg.com/media/Ek3xKZXXYAIkR1n.jpg,,3,15,Twitter for iPhone,182,286,2,,11/3/2013,"Madrid, Espa√±a",Pathologist. #GI & Liver,,,View
21/10/2020 10:43,@todoaqui4,todoaqui,Lucha contra el C√°ncer de Mama: Ampliaci√≥n del acceso a las pr√≥tesis mamarias.  #Lucha #C√°ncerdeMama #OctubreRosa #Pr√≥tesisMamarias #Acceso #Accesibilidad #Mujer #Salud,1318971175729582081,https://todoaqui.uy/2020/10/19/lucha-contra-el-cancer-de-mama-ampliacion-del-acceso-a-las-protesis-mamarias/,https://pbs.twimg.com/media/Ek3tRvaXYAImI3J.jpg,,0,2,Twitter Web App,1237,90,0,,9/3/2019,Chuy,http://Todoaqui.uy,http://www.todoaqui.uy,,View
21/10/2020 10:38,@utec_tgo,UTec Tulancingo (Oficial),"üéÄ Este #MesRosa tiene como objetivo crear conciencia y promover que cada vez m√°s mujeres accedan a controles, diagn√≥sticos, tratamientos oportunos y efectivos, para la prevenci√≥n y tratamiento del C√°ncer de Mama. #TuFuturoIniciaAqu√≠ #SomosHalcones #SomosUTec #OctubreRosa",1318969854074945542,,pic.twitter.com/mqFQK5ltHc,,0,0,Twitter for iPhone,1820,315,13,,9/1/2013,"Tulancingo Hidalgo, M√©xico","Queremos impulsar tu formaci√≥n acad√©mica, ofreciendo carreras innovadoras que proyectan el desarrollo de la regi√≥n y del pa√≠s del que formar√°s parte importante.",http://www.utectulancingo.edu.mx,,View
21/10/2020 10:37,@DelecCientifica,DeLeC Cient√≠fica,"HOY INSTAGRAM LIVE üïõ 19:30 hs Tratamientos de c√°ncer de mama con el sistema ùóßùóºùó∫ùóºùóßùóµùó≤ùóøùóÆùóΩùòÜ Dr. Cristan Porrato, Centro Oncol√≥gico Sunchales ATILRA #Instagram #radioterapia #oncologia #19deoctubre",1318969687049461767,,https://pbs.twimg.com/media/Ek3rzQLX0AALouJ.jpg,,0,2,Twitter Web App,1785,2664,12,,28/12/2010,ARG. / UY. / PY. / BO.,Conocimiento cient√≠fico y actualizaci√≥n tecnol√≥gica en medicina. #salud #innovacion #tecnologia #ciencia #equiposmedicos #EducacionMedica,http://www.delec.com.ar,,View
21/10/2020 10:36,@ITEM_Semov,ITEM,"Real√≠zate peri√≥dicamente una autoexploraci√≥n, recuerda que el c√°ncer de mama se puede detectar oportunamente. @SaludEdomex #√âchaleUnaManoATuSalud #OctubreRosa #PrevenirEsSalud",1318969302406602755,,https://pbs.twimg.com/media/Ek3rfqPWMAAVE6l.jpg,,0,1,Twitter for Android,707,171,7,,5/12/2016,"Toluca, Estado de M√©xico",Instituto del Transporte del Estado de M√©xico,https://twitter.com/SEMOV_Edomex,,View