,Twitter Query: #octubrerosa OR #DiaMundialdelCancerdeMama -filter:retweets -filter:replies,,,,,,,,,,,,,,,,,,,
Date,Screen Name,Full Name,Tweet Text,Tweet ID,Link(s),Media,Location,Retweets,Favorites,App,Followers,Follows,Listed,Verfied,User Since,Location,Bio,Website,Timezone,Profile Image
22/10/2020 22:05,@VPITV,VPItv,"Â¡CuÃ­date y quiÃ©rete! Es esencial realizarte una autoexploraciÃ³n mensual, nadie mejor que tÃº para descubrir alguna irregularidad. #OctubreRosa",1319505089397248000,,https://pbs.twimg.com/media/Ek_S4vRWMAEy5Cy.jpg,,1,0,Hootsuite Inc.,537582,565,1167,âœ…,18/12/2015,Venezuela,Canal de Noticias EN VIVO ğŸ”´ I Mira nuestra seÃ±al aquÃ­: I https://bit.ly/2FXPNmo I Youtube I ROKU | Apple TV | APP | Web |,http://www.vpitv.com,,View
22/10/2020 21:24,@AlkazarLopez,Jessica Alkazar Lopez,#OctubreRosa â¤ RT @alfredodelmazo: La prevenciÃ³n es la mejor opciÃ³n. #OctubreRosa,1319494872760451073,https://twitter.com/alfredodelmazo/status/1318309523686187008,https://pbs.twimg.com/media/EkuThfiUYAAPYQ9.jpg,,0,0,Twitter Web App,146,188,0,,17/5/2020,,,,,View
22/10/2020 21:15,@TigresJersey,#TigresJersey,"#TigresUANL X #MesRosa X @YupRyM En color blanco hueso y vivos en rosa fue hecho este jersey con motivo de #OctubreRosa. Tiene una delgada franja horizontal con simbologÃ­a alusiva a la mujer ademÃ¡s del moÃ±o rosa. Tiene algunos detalles mÃ¡s, Â¿los notas? mockup @Joaaaj",1319492526345232385,,https://pbs.twimg.com/media/Ek_GpIxXYAEKxn-.jpg,,1,4,Twitter Web App,1457,97,2,,25/7/2018,San NicolÃ¡s de los Garza,Foro abierto de todo lo relacionado a las camisetas y linea deportiva de @TigresOficial. Open forum for everything about #TigresUANL's jerseys.,,,View
22/10/2020 21:01,@PepeGzz2,Pepe Gzz,"#QuedateEnClase ğŸ‘‰EntÃ©rate ğŸ‘ˆEl Sindicato Nacional de Trabajadores de la EducaciÃ³n, a travÃ©s de la SecciÃ³n 50 INICIA LA CAMPAÃ‘A de MAMOGRAFÃA; agenda tu cita al tel.8181518750 Ext 8824 de 8:00am a 7:00 pm. La detecciÃ³n temprana es la clave. #SNTEconEllas #MesRosa #OctubreRosağŸŒ¹",1319489073489338370,,https://pbs.twimg.com/media/Ek_EUc4XgAAv-85.jpg,,0,0,Twitter for Android,41,174,0,,24/11/2018,,,,,View
22/10/2020 21:01,@DARIOGZZ,JOSE DARIO GONZALEZ,"#QuedateEnClase ğŸ‘‰EntÃ©rate ğŸ‘ˆEl Sindicato Nacional de Trabajadores de la EducaciÃ³n, a travÃ©s de la SecciÃ³n 50 INICIA LA CAMPAÃ‘A de MAMOGRAFÃA; agenda tu cita al tel.8181518750 Ext 8824 de 8:00am a 7:00 pm. La detecciÃ³n temprana es la clave. #SNTEconEllas #MesRosa #OctubreRosağŸŒ¹",1319489033832222720,,https://pbs.twimg.com/media/Ek_ESIYXUAA5Iag.jpg,,0,0,Twitter for Android,436,779,0,,23/6/2011,mty n.l,,,,View
22/10/2020 21:01,@Seccion50SNTE,SecciÃ³n 50 SNTE,"#QuedateEnClase ğŸ‘‰EntÃ©rate ğŸ‘ˆEl Sindicato Nacional de Trabajadores de la EducaciÃ³n, a travÃ©s de la SecciÃ³n 50 INICIA LA CAMPAÃ‘A de MAMOGRAFÃA; agenda tu cita al tel.8181518750 Ext 8824 de 8:00am a 7:00 pm. La detecciÃ³n temprana es la clave. #SNTEconEllas #MesRosa #OctubreRosağŸŒ¹",1319488984318357504,,https://pbs.twimg.com/media/Ek_EPQ0XUAASxqM.jpg,,0,0,Twitter for Android,2431,670,13,,16/9/2013,Monterrey N.L,Sindicato Nacional de Trabajadores de la EducaciÃ³n,http://www.snte50.org.mx,,View
22/10/2020 20:58,@yadira_encinas,Yadira ğŸŒµ,No se pierdan nuestra semana especial #VestidosdeRosa 7pm Sonora 9pm hora Centro de MÃ©xico #OctubreRosa #SomosRMJP @ZanmanChronicle @rmjpgro @rmjpcdmx @RMJP_Global,1319488260205367297,https://www.facebook.com/RMJPSonora/photos/a.2205998829521294/3354961367958362/,https://pbs.twimg.com/media/Ek_DfAEWkAAqrA0.jpg,,0,0,Twitter Web App,1564,576,65,,7/7/2010,"Sonora, MÃ©xico",PsicÃ³loga en proceso/Emprendedora #Arsencia/ Estratega #EnactusItson/ Voluntaria #OafleArt/ Coordinadora estatal Agenda 2030 #RMJPSonora,http://www.facebook.com/yadira.encinasoficiall,,View
22/10/2020 20:51,@elduendeopina,Betty H. C.,Prevenir es mejor. #OctubreRosa #Mamografia #CancerDeMama #TocateParaQueNoTeToque,1319486457027923969,,https://pbs.twimg.com/media/Ek_B775W0AAuPdL.jpg,,0,0,Twitter for iPhone,1080,852,1,,23/1/2012,"Jalisco, MÃ©xico","soy una mujer dinamica, estudiante, con negocio propio y vida social agitada. Necesito amigas y amigos para divertirme =)",,,View
22/10/2020 20:49,@ElsieZaldivarr,Elsie ZaldÃ­var,#comunicacion #pymes #empresarios #Escuela #QuedateEnCasa #Covid_19 #ULTIMAHORA #coach #cursos #cursosenlÃ­nea #Publicidad #FridayThoughts #FelizViernes #BuenViernes #October2020 #OctubreRosa #MeToo #LGBT #CDMX #Debates2020 #CiudadDeMexico #SemaforoRojo,1319486159786049536,http://www.gabrielzaldivar.net,https://pbs.twimg.com/media/Ek_AwKaXIAADqoL.jpg,,0,2,Twitter Web App,12,146,0,,2/10/2019,MÃ©xico,ğŸ˜‰ ActrÃ­z de vocaciÃ³n. MercadÃ³loga de profesiÃ³n. NO SOY BOT ğŸ˜‰,http://www.gabrielzaldivar.com,,View
22/10/2020 20:40,@COBAEMex,COBAEM,#OctubreRosa | Para prevenir el cÃ¡ncer de mama es importante seguir estos mÃ©todos para su detecciÃ³n ğŸ‘‡. #Ã‰chaleUnaManoATuSalud e infÃ³rmate en: . #PrevenirEsSalud @Edomex @SaludEdomex,1319483807322402817,http://salud.edomex.gob.mx,https://pbs.twimg.com/media/Ek-_VjCUYAEvuLL.jpg,,0,2,Twitter for Android,1499,175,5,,25/11/2016,"Toluca, MÃ©xico",DirecciÃ³n General del Colegio de Bachilleres del Estado de MÃ©xico.,http://cobaem.edomex.gob.mx,,View
22/10/2020 20:31,@SilvanaMagalyM4,Silvana Magaly Martinez Trejo,DE NADA SIRVE PINTAR EL PAÃS DE ROSA. CUANDO LE QUITAN APOYOS ECONÃ“MICOS A LA LUCHA CONTRA EL CANCER. #OctubreRosa #soyhijadeunasobreviviente,1319481620542390272,,,,0,0,Twitter for iPhone,4,19,0,,5/11/2019,"Hidalgo, MÃ©xico","mis heridas no sanarÃ¡n sin tus labios, ellos las hicieron ğŸ’• 18âš¡ï¸",,,View
22/10/2020 20:07,@Cristin24123992,Cristina,#OctubreRosa Exploremonos RT @alfredodelmazo: La prevenciÃ³n es la mejor opciÃ³n. #OctubreRosa,1319475580765548544,https://twitter.com/alfredodelmazo/status/1318309523686187008,https://pbs.twimg.com/media/EkuThfiUYAAPYQ9.jpg,,1,1,Twitter for Android,64,167,0,,27/6/2020,,enamorarme,,,View
22/10/2020 19:55,@santiagoalies,Spooky AlÃ­es,AtlÃ©tico Nacional x Nike #RetoRede 30 @RedeDesignPro Camiseta especial #OctubreRosa #T90 @nacionaloficial Mockup: @oneblacktie,1319472439160688641,,https://pbs.twimg.com/media/Ek-1Ly5W0AAivrZ.jpg,,1,7,Twitter Web App,233,384,1,,1/2/2019,"BogotÃ¡, D.C., Colombia",,http://be.net/SantiagoAlies,,View
22/10/2020 19:51,@lorenapignon_,Lorena PiÃ±Ã³n Rivera,"#OctubreRosa, es importante promover la concientizaciÃ³n para la prevenciÃ³n del CÃ¡ncer de mama, ademÃ¡s de sumar esfuerzos y apoyar las iniciativas que se promueven por parte de lo ciudadanos. Quiero felicitar la labor de @Marianomolina y la revista #MEET por tan noble causa.",1319471515696570369,,https://pbs.twimg.com/media/Ek-0U8bVcAEpDnv.jpg,,2,7,Twitter for iPhone,5430,2507,19,,31/10/2010,"Xalapa, Veracruz de Ignacio de",Hija de Dios | Abogada | Secretaria de @SGSPRINacional del PRI | FeministağŸ–¤| No hay polÃ­tica mÃ¡s poderosa que la de Servir a MÃ©xicoğŸ‡²ğŸ‡½,https://www.facebook.com/lorenapignonrivera/,,View
22/10/2020 19:40,@GT_Guide,Gay Traveler's Guide ğŸ“,"Es #HoraDeConcientizar: De acuerdo a la SecretarÃ­a de salud, las mujeres lesbianas y bisexuales tienen mÃ¡s factores de riesgo que las hacen mÃ¡s vulnerables al cÃ¡ncer de mama y depresiÃ³n. Por eso todxs a checarnos y cuidarnos. #OctubreRosa #CÃ¡ncerDeMama",1319468625930182657,,https://pbs.twimg.com/media/Ek-xtMoWkAAiWre.jpg,,1,1,Twitter Web App,2740,1854,37,,5/8/2013,"CancÃºn, MÃ©xico",Since 2013 it has been the ideal place ğŸ“ for travel tips and information ğŸ—º for the LGBTTTIQA ğŸ³â€ğŸŒˆ community in Mexico ğŸ‡²ğŸ‡½ and the world ğŸŒ,http://www.gaytravelersguide.com/,,View
22/10/2020 19:36,@creainnovaed_ac,CREA INNOVA EDUCA AC,"Recuerda que maÃ±ana se llevarÃ¡ a cabo en punto de las 9:00 a.m., a travÃ©s de Facebook live, la plÃ¡tica sobre ""PrevenciÃ³n y tratamiento del cÃ¡ncer de mama"" con el Dr. Paulino Alfaro RamÃ­rez, oncÃ³logo mÃ©dico del Hospital Regional de Alta Especialidad. #OctubreRosa #CÃ¡ncerDeMama",1319467600506703874,,https://pbs.twimg.com/media/Ek-wyhMVkAEbeDk.jpg,,0,0,Twitter for Android,31,202,0,,14/8/2019,"Xalapa, Veracruz. ",Implementamos proyectos con enfoque global en la educaciÃ³n y tecnologÃ­a a travÃ©s de la innovaciÃ³n para beneficio social. #EDUCACIONEINNOVACIONENMOVIMIENTO,https://fundacioncie.org/,,View
22/10/2020 19:31,@OCorregidora,ONMPRI Corregidora,"#OctubreRosa RT @AbiArredondo: Mi querida Eva, eres un ejemplo de lucha y esfuerzo, tu testimonial alienta a las mujeres a nunca rendirse y salir adelante, un fuerte abrazo hasta #LandaDeMatamoros. #OctubreMesRosa #CÃ¡ncerDeMama #TÃ³cate ğŸ€",1319466519714254850,"https://twitter.com/AbiArredondo/status/1319384127381164035
https://www.facebook.com/1478983305654667/posts/2859061904313460/?vh=e&extid=0&d=n",https://pbs.twimg.com/media/Ek9k3oMX0AEP_Fh.jpg,,0,0,Twitter for Android,65,127,0,,23/1/2020,,"Organismo Nacional de Mujeres Priistas en el municipio de Corregidora, QuerÃ©taro. Presidenta: Nora Camacho @NoraCamachoSal1",,,View
22/10/2020 19:26,@UmbrellaTravelC,Umbrella Travel,"El Mes de SensibilizaciÃ³n sobre el CÃ¡ncer de Mama, que se celebra en todo el mundo cada mes de octubre, contribuye a aumentar la atenciÃ³n y el apoyo prestados a la sensibilizaciÃ³n, la detecciÃ³n precoz, el tratamiento y los cuidados paliativos. #OctubreRosa",1319465277973815297,,https://pbs.twimg.com/media/Ek-uq_0WMAENno7.jpg,,0,0,Twitter for iPhone,1,20,0,,21/10/2020,Cuba,Fifteen+ years of experience Hotel | Transfers | Car rental | Tours âœˆï¸ Discover our TOP destinations ğŸ—º,http://www.umbrellatravel.com,,View
22/10/2020 19:26,@BetianaFerreyra,ğŸ…±ettsy!!!âš¡,#OctubreRosa Me encanto!! ğŸ’ğŸ’ğŸ’ Nuestro lindo rejunte!!!,1319465102148501505,,https://pbs.twimg.com/media/Ek-uhDAWAAAn-kf.jpg,,0,1,Twitter for Android,1493,1171,4,,1/6/2013,San CristÃ³bal ,"Canceriana. Hincha del mas grande CARP. Promotora de Afrodita y Cataleya. La vida es una sola,hay que vivirla T3 ğŸ¦",,,View
22/10/2020 19:25,@guille_fotos,Guille ğŸ“·â™¥ï¸,#GRATIS #LALCEC #mamografiagratis #sinexcusa #OctubreRosa #TocateParaQueNoTeToque #todoslosdiassondiadetetas RT @DraQuemera: Para mujeres sin obra social de 40 a 65 aÃ±os.ğŸ‘‡ğŸ»,1319465014823092225,https://twitter.com/DraQuemera/status/1319408293983494147,https://pbs.twimg.com/media/Ek962VTXYAA5QxP.jpg,,1,4,Twitter for Android,1240,1243,44,,17/8/2010,Argentina,Loberense en la ciudad de la furia... FotÃ³grafa de alma y profesiÃ³n Marketinera o Social Media Marketing como te guste!,,,View
22/10/2020 19:23,@RosaMarchita45,Rosa Marchita,Wish You Call AgainğŸŒ¸ğŸ€ #OctubreRosa #PinkOctober,1319464345386975232,,pic.twitter.com/95OFkOCWYA,,0,0,Twitter Web App,12,38,0,,29/6/2016,,Artista,https://www.facebook.com/RosaMarchita45,,View
22/10/2020 19:19,@desiree_durante,DesirÃ©e Sagarnaga Durante,Integrantes del Voluntariado #IMSSBC entregaron equipo de protecciÃ³n a pacientes de cancer de mama y sus familiares...un ejemplo enorme de solidaridad en breves instantes. Gracias por estar siempre.#OctubreRosa,1319463314066292736,,https://pbs.twimg.com/media/Ek-s4hRUYAAzP8h.jpg,,0,4,Twitter for Android,4352,41,11,,20/12/2019,"Mexicali, Baja California","MÃ©dica, Maestra en Sistemas de Salud, Titular del Ã“rgano de OperaciÃ³n Administrativa Desconcentrada del IMSS en Baja California y San Luis RÃ­o Colorado, Son.",,,View
22/10/2020 19:18,@NancyResendizMX,Nancy Claudia ResÃ©ndiz,"#OctubreRosa RT @CanalCongreso: #OctubreRosa CuÃ­date por ti y por los que te quieren, realÃ­zate una mastografÃ­a una vez al aÃ±o para prevenir el #CÃ¡ncerDeMama Â¡Escucha a la Diputada @NancyResendizMX! @DiputadosPES",1319463149356109824,https://twitter.com/CanalCongreso/status/1319454392375037952,pic.twitter.com/0jLrS8ITko,,0,0,Twitter for Android,113,151,1,,30/11/2018,"TecÃ¡mac, MÃ©xico","Presidenta de la ComisiÃ³n de ProtecciÃ³n Civil y PrevenciÃ³n de Desastres, Diputada Federal @Mx_Diputados, @PESDiputados, TecÃ¡mac, EdoMex. SÃ­gueme en Facebook ğŸ‘‡",https://www.facebook.com/NancyResendizMx,,View
22/10/2020 19:17,@guaracata,GUARACATÃ FLL ğŸ‡ºğŸ‡¾,#octubrerosa ğŸ’“,1319462906254196736,,https://pbs.twimg.com/media/Ek-sdbuX0AUGTY3.jpg,,0,0,Twitter for iPhone,319,635,0,,28/6/2018,"Las Toscas de CaraguatÃ¡, TbÃ³.",Un equipo uruguayo de FLL haciendo historia â€¢ 3 Olimpiadas UY ğŸ¥ˆ ğŸ¥ˆ ğŸ¥‰ â€¢ 3 Opens Internacionales: LA | WV | UY â€¢ Â¡Camino a Houston 2021!,https://www.instagram.com/guaracata,,View
22/10/2020 19:09,@PhilAndTheJets,Phelipe Carmona ğŸ‡»ğŸ‡¦ (0-6),#RetoRede 30 de @RedeDesignPro Liverpool x Nike x #OctubreRosa #LiverpoolFC #LFC #YNWA @LFC #Nike @NikeFootball,1319461012542803969,,https://pbs.twimg.com/media/Ek-qwgiXEAIQqeY.jpg,,2,7,Twitter Web App,976,982,14,,4/7/2011,"MarÃ­lia, SÃ£o Paulo, Brazil",Sports lover! âš½@Palmeiras @AVFCOfficial @RealMadrid ğŸˆ@nyjets ğŸ€ #Sonics @Lakers ğŸ’@EdmontonOilers âš¾@Dodgers âœğŸ‡»ğŸ‡¦Roman Catholic #BringBackOurSonics,https://open.spotify.com/show/1aJkLPoAe8OFbTN5G1z6P1?si=ckpFvwy2SluGCQFv9PJExw,,View
22/10/2020 19:09,@valenciafabi1,Fabiola Valencia,Valora siempre a quien amas y sÃ© feliz con quien te importa porque al final de nuestra vida solo queda las huellas de los momentos felices y la calidad del tiempo compartido. #OctubreRosa #AMOR Eterno â¤,1319460907416580096,,https://pbs.twimg.com/media/Ek-qs9xUYAIowj-.jpg,,0,0,Twitter for Android,2077,1941,94,,29/11/2012,"Villahermosa, Tabasco","ComunicÃ³loga, Medios de ComunicaciÃ³n, Mkt. brindo mi amistad al 100%.Vive la Vida y echa paÂ´lante",,,View
22/10/2020 19:09,@martudvm,á´¹áµƒÊ³áµ—â±â¿áµƒğŸ¥€,Cuidarnos es amarnosğŸ¥°ğŸ’– #OctubreRosa,1319460835798941696,,https://pbs.twimg.com/media/Ek-qowPXUAAVdLO.jpg,,0,1,Twitter for Android,40,342,0,,13/7/2019,"Buenos Aires, ArgentinağŸ’",â¤08/05â¤âš½ï¼²ï¼©ï¼¶ï¼¥ï¼²âš½â€¢Ig: @martudvm â€¢,,,View
22/10/2020 19:09,@AlejandroMaciel,Dr Alejandro Maciel,Sabes que los seguros de gastos mÃ©dicos cubren las cirugÃ­as de #reconstrucciÃ³nmamaria? Incluso en la misma cirugÃ­a de mastectomÃ­a! #octubrerosa #breastreconstruction @AMIS_mx @prensAMIS,1319460832716181505,,https://pbs.twimg.com/media/Ek-qoolVMAAt8Im.jpg,,2,3,Twitter for Android,829,716,49,,15/10/2009,"Guadalajara, Jalisco","Plastic Surgeon, Breast Reconstruction and Microsurgery.",,,View
22/10/2020 19:00,@ultrafemme,Ultrafemme,"Un paso que JAMÃS debes olvidar: Â¡hidratar tu rostro! ğŸ’¦ Un favorito de nuestros #BeautyExperts es Dramatically Different Moisturizing Lotion+ de @Clinique, Â¡ideal para todas las pieles! #Ultrafemme #MesRosa #OctubreRosa #Pinktober #breastcancerawareness",1319458546870673409,,https://pbs.twimg.com/media/Ek-ojisVkAABTP4.jpg,,0,0,Zoho Social,6688,738,36,,18/12/2008,"CancÃºn, Quintana Roo","Expertos en fragancias, cosmÃ©ticos y tratamientos de las mejores marcas. Â¡ContÃ¡ctanos por WhatsApp! http://bit.ly/3ob1esA",http://www.ultrafemme.com/,,View
22/10/2020 18:50,@Nutriluzmaria,Luz MarÃ­a,"ğŸ‘©â€âš•ï¸Nos unimos, dando esta charla con el objetivo de concientizar sobre la importancia que tiene prevenir, diagnosticar y tratar oportunamente el cÃ¡ncer de mama, mejorando nuestra alimentaciÃ³n. CÃ³digo de la clase: 7qpxjwr #OctubreRosa #Salud #Bienestar #IMEP #nutriciÃ³n",1319456017113968641,,https://pbs.twimg.com/media/Ek-mQQjU8AIV7qZ.jpg,,0,1,Twitter for Android,3,20,0,,21/10/2020,,NutriÃ³logağŸ’ğŸğŸğŸ‰ https://web.facebook.com/L.N.LuzMariaMartinez/,,,View
22/10/2020 18:43,@CanalCongreso,Canal del Congreso,"#OctubreRosa CuÃ­date por ti y por los que te quieren, realÃ­zate una mastografÃ­a una vez al aÃ±o para prevenir el #CÃ¡ncerDeMama Â¡Escucha a la Diputada @NancyResendizMX! @DiputadosPES",1319454392375037952,,pic.twitter.com/0jLrS8ITko,,3,2,Twitter Web App,185603,82,1454,âœ…,20/8/2010,Ciudad de MÃ©xico,Medio de comunicaciÃ³n del Congreso de la UniÃ³n,https://instagram.com/canalcongresomx,,View
22/10/2020 18:42,@GloriaNunezs,Gloria NÃºÃ±ez,"Este #OctubreRosa nos recuerda siempre estar al tanto de cualquier anormalidad, para poder detectar a tiempo un posible cÃ¡ncer. Â¡Si te tocas, no te toca! Juntas hacemos #Quelobuenosuceda",1319454210971242497,,pic.twitter.com/MCqY5d4wB0,,2,6,Twitter Media Studio,771,86,28,,22/4/2012,Senadora de la RepÃºblica,"Mujer de convicciÃ³n, cercana a la gente y comprometida con las causas sociales; disciplina y pasiÃ³n me distinguen. Enamorada de mi Estado Nayarit",http://www.Facebook.com/GloriaNunezS,,View
22/10/2020 18:38,@terapiatqe,Te Queremos Escuchar,"Â¡No te pierdas la colaboraciÃ³n de la Dra. Diana Cover! Tema: ""CÃ³mo el cÃ¡ncer de mama distorsiona nuestra identidad"" Por  o el 102.5 del FM de tu radio a las 2:45 pm  #CancerDeMama #19DeOctubre #OctubreRosa #FelizJueves #SaludMental",1319453234226974720,"http://mvsnoticias.com
http://bit.ly/36mGdo6",https://pbs.twimg.com/media/Ek-iyJWXYAANuhr.jpg,,0,0,Twitter Web App,167,89,3,,1/8/2016,"Lomas Altas, Miguel Hidalgo","PsicÃ³logos especialistas a travÃ©s de chat, llamada o videollamada desde la comodidad de tu hogar, trabajo o lugar preferido. #SomosTuRespuesta",http://www.tequeremosescuchar.com,,View
22/10/2020 18:30,@ABCRadioMexico,ABC Radio MÃ©xico,"#OctubreRosa Detectado a tiempo âŒ›ï¸, puede curarse en mÃ¡s del 90% de los casosğŸ™‹ğŸ»â€â™€ï¸ @Ivonne_delacruz ğŸ‘©ğŸ»â€ğŸ¦±, @Pattriciacoss ğŸ‘©ğŸ» y @YamileMoncadaTvğŸ‘©ğŸ»â€ğŸ¦° te invitan ğŸ’­#TocateParaQueNoTeToque ğŸ™Œ @ABCRadioMexico ğŸ“» #SonidoOriginal ğŸ¤ŸğŸ¤Ÿ",1319450972071071744,,pic.twitter.com/wJbTArKvI9,,5,2,Twitter Media Studio,3829,98,21,,30/6/2017,MÃ©xico,"24 estaciones de radio en todo el paÃ­s. Somos parte de OrganizaciÃ³n Editorial Mexicana, la empresa periodÃ­stica mÃ¡s grande e importante de AmÃ©rica Latina.",http://www.abcradio.com.mx,,View
22/10/2020 18:28,@MaronasDefe,Defensores De MaroÃ±as,Todos los planteles salen a la cancha sumÃ¡ndose a la lucha contra el cÃ¡ncer de mama. #OctubreRosa,1319450529655934976,,https://pbs.twimg.com/media/Ek-hQakWkAAidDi.jpg,,0,4,Twitter for Android,269,254,2,,26/2/2018,"Montevideo, Uruguay",,,,View
22/10/2020 18:27,@MaguiDuarte2,Ã—,"#OctubreRosa RT @semdecajeme: Lo que puede ser normal en usted tal vez no lo sea en otra mujer. La mayorÃ­a de las mujeres dicen que sienten bultos o superficies irregulares en las mamas. que la alarme no dude en consultar a su mÃ©dico lo antes posible, el la orientarÃ¡ para evaluar lo que sucede y cÃ³mo actuar.",1319450306980335616,https://twitter.com/semdecajeme/status/1318644477423161344,https://pbs.twimg.com/media/EkzEKRxW0AItbII.jpg,,0,0,Twitter Web App,701,431,4,,9/7/2013,,Ñ‚Ïƒâˆ‚Ïƒ â„“â„“Ñ”gÎ± ÏÎ±ÑÎ± Ñ”â„“ qÏ…Ñ” Ñ•Î±Ğ²Ñ” Ñ”Ñ•ÏÑ”ÑÎ±Ñ,,,View
22/10/2020 18:17,@ElibeniaPineda,Ana Elibenia Pineda Aguilar,#soyrosa #octubrerosağŸ€ #preveniresvivir,1319447905577672705,https://www.instagram.com/p/CGqtTM1A3lb_NnJFV9ZQblqVpWs2ZT6kAezInA0/?igshid=qbmrju1a072h,,,0,0,Instagram,211,321,1,,26/11/2012,CancÃºn Q.Roo.,"â€œMi Vida Por Cristoâ€, â€œ Mi familia un regalo de Diosâ€...Mi lema: Hacer que las cosas Sucedan.",,,View
22/10/2020 18:15,@lau30mty,LauPrz,"#Mujeres #CancerDeMama #OctubreRosa Pedir perdÃ³n, sanar y liberar a tus pechos. Por PiensoEnPositivo @instagram",1319447197914664961,https://www.instagram.com/p/CGqrW3Qpf6J/?igshid=7rduft198nn0,,,0,0,Twitter for Android,1222,963,48,,12/8/2009,,"ğŸŒ¼Ni fanÃ¡tica, ni hipÃ³crita, sÃ³lo un ser humano en construcciÃ³n. Amo a mis 2 hijas. Fe, Naturaleza, MÃºsica, Recetas de cocina ğŸ’™ En busca de mi real ser. ğŸ’œ",,,View
22/10/2020 18:15,@CIEPSEdomex,CIEPS Estado de MÃ©xico,Conoce los factores que pueden generar mayor riesgo de contraer cÃ¡ncer de mama #OctubreRosa #PrevenirEsSalud,1319447195628830720,,https://pbs.twimg.com/media/Ek8QcYBUUAo5GoB.jpg,,0,0,TweetDeck,209,155,6,,16/1/2018,,,,,View
22/10/2020 18:11,@monicaferbal,MÃ³nica FernÃ¡ndez Balboa,ğŸ€ #OctubreRosa RT @senadomexicano: ğŸ“Œ Â¿SabÃ­as que el primer listÃ³n rosa utilizado en solidaridad con los sobrevivientes de cÃ¡ncer de mama fue utilizado en 1991?,1319446265571151873,https://twitter.com/senadomexicano/status/1319392837373407235,https://pbs.twimg.com/media/Ek9oHMhU0AEqy6M.jpg,,4,7,Twitter for iPhone,20567,2122,125,âœ…,8/3/2010,,ğŸ‡²ğŸ‡½ Presidenta de la ComisiÃ³n de GobernaciÃ³n del @senadomexicano TabasqueÃ±a @morenasenadores #PorUnaVidaDigna,http://monicaferbal.com,,View
22/10/2020 18:09,@MrciCorporativo,MRCI Corporativo,"âœ¨MRCI se pinta de rosa en la lucha contra el cÃ¡ncer de mama. ğŸ€ ğŸ€ Octubre es el Mes de Lucha contra el CÃ¡ncer de mama, invitamos a todos a que se sumen a esta campaÃ±a de concientizaciÃ³n ğŸ‘©â€ #MiLuchaEsRosa #CÃ¡ncerDeMama #OctubreRosa #MRCI #FamiliaMRCI",1319445685641441280,,https://pbs.twimg.com/media/EkyJsISWMAA4SZn.jpg,,0,2,TweetDeck,1819,936,19,,4/6/2010,"Oaxaca, MÃ©xico","EMPRENDEDORES integrado por especialistas, asesores empresariales, abogados y fiscalistas, Corporativo orgullosamente mexicano.",http://www.mrci.com.mx,,View
22/10/2020 18:07,@Zdredzdrada,Zdred,"No tengo 40. Pero cuando algo anda raro, te tienes que revisar y tocar. Esperando solo ser un supuesto. #OctubreRosağŸ’—ğŸ’ğŸ’– ğŸ˜®",1319445262792839169,,https://pbs.twimg.com/media/Ek-ceOjVkAAwhGo.jpg,,0,6,Twitter for Android,477,2493,13,,25/2/2015,MÃ©xico en bici,"Tuits a tÃ­tulo de mi alter ego. Aprendiz de la vida,respetuosa de la naturaleza. No me molestan los pelitos en la ropa, esos se quitan, las personas tÃ³xicas no.",http://metronomoradio.com,,View
22/10/2020 18:06,@seryconsciencia,El Ser y la Consciencia,CONFERENCIA GRATUITA â€œDiagnÃ³stico de cÃ¡ncer y las emocionesâ€ por @armazatleca en Casa Vipassana. ğŸ¡ğŸ•‰ï¸ ğŸ‘‰ğŸ¼ *RESERVA. CUPO LIMITADO.* ğŸ“² (667) 320 09 21 ğŸ“² (667) 361 93 32 #integraciÃ³nemocional #emociones #cÃ¡ncer #cÃ¡ncerdemama #octubrerosağŸ€ #culiacÃ¡n,1319444957380276224,,pic.twitter.com/3Adpw93ld0,,0,0,Twitter for Android,446,467,15,,8/10/2015,"CuliacÃ¡n, Sinaloa","Iniciativa de @ARmazatleca para el despertar del Ser a la Consciencia. Lo que estÃ¡s buscando, te estÃ¡ buscando a ti. Se parte de #LaTribu ğŸ”¥",https://www.facebook.com/elserylaconsciencia/,,View
22/10/2020 18:06,@comecyt,Ciencia Edomex,"El cÃ¡ncer de mama se puede detectar a tiempo, por eso autoexplÃ³rate cada mes. #PrevenirEsSalud #OctubreRosa #EchaleUnaManoATuSalud",1319444930784354312,,https://pbs.twimg.com/media/Ek8osFOXIAIwddO.jpg,,0,2,TweetDeck,10383,1119,171,,22/6/2010,"Toluca, MÃ©xico","Promueve el avance cientÃ­fico y tecnolÃ³gico, vincula a los sectores productivo y social con centros de investigaciÃ³n cientÃ­fica y desarrollo tecnolÃ³gico",http://comecyt.edomex.gob.mx,,View
22/10/2020 18:05,@helena_qz,MarÃ­a Elena Soriano,#OctubreRosa,1319444846986317825,,https://pbs.twimg.com/media/Ek-cF4iUwAAC85B.jpg,,0,0,Twitter for Android,817,738,12,,22/3/2015,"Oaxaca, MÃ©xico",Secretaria General de la OrganizaciÃ³n Mexicana de Comunidades IndÃ­genas #OMCI /PsicÃ³loga UNAM /Mtra. en AdministraciÃ³n PÃºblica/ Estudiante de Posgrado #INACIPE,,,View
22/10/2020 18:05,@CemerEdomex,Cemer EdomÃ©x,#OctubreRosa | AutoexplÃ³rate de manera mensual y acude una vez al aÃ±o a una revisiÃ³n clÃ­nica. #Ã‰chaleUnaManoATuSalud @SaludEdomex,1319444780884033538,,https://pbs.twimg.com/media/Ek-cCPmUYAAAhrd.jpg,,0,0,Twitter for Android,658,172,8,,24/9/2013,"Primero de Mayo #411, Toluca.",ComisiÃ³n Estatal de Mejora Regulatoria del @Edomex. Ã“rgano desconcentrado de la @SJyDH_Edomex.,https://www.facebook.com/CemerEdomex,,View
22/10/2020 18:05,@PispaShowroom,Pispa Showroom,"Gracias @RinaGitler por compartirnos tu testimonio ğŸ’— Ella es cirujana especializada en reconstrucciÃ³n mamaria, sobreviviente del cÃ¡ncer de mama, Fundadora y Directora de @AlmaFundacion ğŸ’— #TÃ³catePispa #OctubreRosa #SoyPispa",1319444715541057536,https://www.instagram.com/tv/CGkc--xn2Q2/?igshid=5vrwv8i2psjv,,,0,1,Twitter for Android,25,33,0,,13/6/2020,"San Luis PotosÃ­, MÃ©xico","LencerÃ­a, prendas de descanso, modeladoras, trajes de baÃ±o y ropa deportiva para la mujer que busca Sentirse Ãšnica.",http://www.pispashowroom.com,,View
22/10/2020 18:01,@armazatleca,AngÃ©lica RodrÃ­guez,â‰ï¸Aprender a manejar tus estados emocionales* ante un reto tan grande como es el cÃ¡ncer puede hacer la diferencia en tu calidad de vida (o la de tu ser querido). #octubrerosağŸ€ ğŸ’— ğŸ‘‰ğŸ¼ *RESERVA AHORA AQUÃ MISMO. CUPO LIMITADO.* ğŸ“² (667) 320 09 21 ğŸ“² (667) 361 93 32,1319443715639758848,,pic.twitter.com/O9R7SryY3M,,0,0,Twitter for Android,2247,950,48,,20/3/2010,AquÃ­ y ahora.,Mazatleca. Creo en el poder de transformaciÃ³n de las personas. Concienciaâ€¢CorazÃ³nâ€¢ComunicaciÃ³n. En deconstrucciÃ³n...permanente. Mi propÃ³sito @seryconsciencia,http://cafenegroportal.com/category/columnas/encuentro/,,View
22/10/2020 18:00,@mercedesrangell,Mercedes,"Acude anualmente a tu unidad de salud, para que el mÃ©dico revise tus mamas. Un diagnÃ³stico y tratamiento temprano y oportuno incrementa las posibilidades de curaciÃ³n. #OctubreRosa ğŸ€ #Ã‰chaleUnaManoATuSalud âœ‹ğŸ»",1319443636732325888,,https://pbs.twimg.com/media/Ek-a_hdUUAAJR7O.jpg,,2,5,Twitter for iPhone,776,603,1,,18/4/2016,"Metepec, MÃ©xico","Pedagoga, esposa, mamÃ¡, amo las flores, a los niÃ±os , pintar y poder hacer feliz a alguien.",,,View
22/10/2020 18:00,@ConairLatam,ConairLatam,"No es la apariencia, es la esencia. No es el dinero, es la educaciÃ³n. No es la ropa, es la clase. ğŸ’‹ -Coco Chanel #PorTiPorMi #Conair #ConairLatam #cabello #belleza #estilo #tendencia #MesRosa #OctubreRosa",1319443424551075840,,,,0,0,TweetDeck,104,612,1,,24/8/2017,,Somos la uniÃ³n de dos tendencias importantes para la mujer latina: #Belleza y #TecnologÃ­a. Pinterest: https://www.pinterest.com/conairlatinoamerica/pins/,http://www.conair.la/,,View
22/10/2020 18:00,@SanPedroNL,San Pedro,Las noches de #TodoSanPedro siguen iluminÃ¡ndose de rosa para recordarte la importancia de la autoexploraciÃ³n y detecciÃ³n temprana del #cÃ¡ncerdemama. ğŸ“¸: dji_spark_mty (IG) #OctubreRosa ğŸ€,1319443422340526081,,https://pbs.twimg.com/media/Ek-K1bnXUAAJ1MW.jpg,,0,18,Twitter Web App,22221,176,124,,8/12/2009,"San Pedro, NL, MÃ©xico",Cuenta Oficial San Pedro Garza GarcÃ­a / AdministraciÃ³n 2018-2021,http://www.sanpedro.gob.mx,,View
22/10/2020 18:00,@UNEVTOficial,Universidad Estatal del Valle de Toluca,Recuerda realizarte una autoexploraciÃ³n periÃ³dicamente #Ã‰chaleUnaManoATuSalud. #OctubreRosa #PrevenirEsSalud,1319443420708995074,,https://pbs.twimg.com/media/EkyQ4-qWAAAixvQ.jpg,,1,1,Twitter Web App,368,39,1,,14/2/2019,"Ocoyoacac, MÃ©xico",La UNEVT es una instituciÃ³n educativa de carÃ¡cter pÃºblico que ofrece tres licenciaturas enfocadas al Ã¡rea de la salud de manera natural.,http://www.unevt.edu.mx,,View
22/10/2020 17:59,@PRIMERO_Y_GOL,PRIMERO Y GOL,#nflmx #GDL #mtymx #CDMX #onefa #ligamayor #aguilasblancas #politÃ©cnicosdecorazÃ³n #aguilasblancasgloria #cfl #footballmom #familiadelfootball #nfl #fademac #monterreyfootballleague #Importante #OctubreRosa @TDenFamilia Apuestas de la semana 7 de la NFL,1319443389973209088,https://www.primeroygol.com/2020/10/22/apuestas-de-la-semana-7/,https://pbs.twimg.com/media/Ek-aoEOXEAEVs_j.jpg,,0,1,Twitter Web App,4503,1052,22,,11/11/2010,MÃ©xico D.F.,31 aÃ±os difundiendo el futbol americano nacional nos avalan.,http://www.primeroygol.com,,View
22/10/2020 17:59,@nanlarrondo,Nancy Larrondo,En @FMDOS escucho #DiQueSientesTu dmi lindo. @CHAYANNEMUSIC sl2 dlas @ChayAmigasChile #ChayanneChileTeAma #Valdivia @SonyMusicChile @vgmediapr #DesdeElAlmaTourâ¤ #YoMeQuedoEnCasa #OctubreRosa #OctubreMesContraElCancerDeMamas,1319443324391116806,,https://pbs.twimg.com/media/Ek-atcuWkAExmHD.jpg,,0,0,Twitter for Android,273,498,1,,24/4/2010,"Valdivia, Chile",,,,View
22/10/2020 17:57,@Luis__Miranda,luismiranda01,Las vamos a esperar. Ustedes son nuestra prioridad. #OctubreRosa #Toluca #Mexico #Edomex #rosa #mexicorosa #toluca,1319442696617005056,,https://pbs.twimg.com/media/Ek-aIy-WAAE_PgS.jpg,,1,3,Twitter for iPhone,871,215,1,,15/2/2010,"Distrito Federal, MÃ©xico",Orgullosamente mexicano y mexiquense. 25aÃ±os. Estudiante de de Derecho y administraciÃ³n PÃºblica. Fan del Club America. Delegado del partido Verde en Toluca.,,,View
22/10/2020 17:56,@aleksanchez0311,Alejandro SÃ¡nchez Alvarez,"âœ… CUOTA DIARIA 0.8% âœ… ACUMULADO SEMANAL 2.6% âœ… MENSUAL 13.2% âœ… Fecha 22/10/2020 âœ… En Trust, Yo Confio. #trustinvesting #mlm #trading #monedasdigitales #bitcoin #networkmarketing #btc #seguimossumando #octubrerosa",1319442522251341826,,https://pbs.twimg.com/media/Ek-Z-D-W0AA8Xb7.jpg,,0,0,Twitter for Android,126,106,0,,20/3/2015,,Cuban Networker who dreams and works for it. I'm a Software Developer I love singing and music,,,View
22/10/2020 17:51,@Codehciu,CODEHCIU,Enfermeras de #BolÃ­var y sobrevivientes de cÃ¡ncer de mama cuentan sus testimonios. Â¿QuÃ© significa tener esta enfermedad en Venezuela? #OctubreRosa Lee nuestra nueva publicaciÃ³n:,1319441245618475009,https://codehciu.org/cuando-el-estado-falla-las-pacientes-de-cancer-de-mama-buscan-nuevas-fuerzas/,https://pbs.twimg.com/media/Ek-Y0EfXEAAMeqM.jpg,,3,4,Twitter for Android,4555,811,41,,25/9/2015,Venezuela,ComisiÃ³n para los Derechos Humanos y La CiudadanÃ­a | Asistimos y representamos vÃ­ctimas de violaciÃ³n de Derechos Humanos.,http://www.codehciu.org,,View
22/10/2020 17:50,@agphilloOFICIAL,AGP Hermosillo,"ğŸŒ¸Durante este mes, reconocidas empresas nos estÃ¡n apoyando, donÃ¡ndonos parte de sus ganancias, o la totalidad, para continuar con nuestra labor de prevenciÃ³n. Â¡Quedan pocos dÃ­as! Â¡Gracias por colaborar! #OctubreRosa #MesRosa #CÃ¡ncerDeMama Â¿QuiÃ©nes son ellas?ğŸ‘‡",1319440980966244354,,https://pbs.twimg.com/media/Ek-YkhxXEAAYywR.jpg,,1,1,Twitter for Android,246,437,1,,13/11/2015,"Hermosillo, Sonora","Fomentemos la cultura de la prevenciÃ³n del cÃ¡ncer. Â¡Es tarea de todos! AgrupaciÃ³n George Papanicolaou Hermosillo, 36 aÃ±os sirviendo a la comunidad.",http://www.agphermosillo.com,,View
22/10/2020 17:49,@mpaulabbaron,MarÃ­a PaÏ…la Barrios BarÃ³n,"Â¡Tocate para que no te toque! ğŸ’— Excelente nota de la concejal @angelinacentio1 #OctubreRosa #PrevenirEsCuidar #Autoexamen #PrevenciÃ³n #Cuidate RT @masternewsyvos: ""Hacerse una mamografÃ­a a tiempo nos salva la vida""",1319440759406329856,"https://twitter.com/masternewsyvos/status/1319427681642024973
https://masternews.com.ar/noticias/la-ciudad/hacerse-una-mamografia-a-tiempo-nos-salva-la-vida/",,,0,1,Twitter for iPhone,1100,2545,1,,26/12/2009,"America, Bs. As., Argentina",Concejal Pdo. Rivadavia Bloque Rivadavia Primero-Juntos por el CambioğŸ‡¦ğŸ‡·,http://www.vbbconsultora.com,,View
22/10/2020 17:46,@COBAEMex,COBAEM,#OctubreRosa 5 pasos por la salud de tus mamas. #Ã‰chaleUnaManoATuSalud @Edomex @SeducEdoMex @sesynedomex,1319439949880422401,,https://pbs.twimg.com/media/Ek-Xo2wVgAAFuBK.jpg,,4,9,Twitter for Android,1499,175,5,,25/11/2016,"Toluca, MÃ©xico",DirecciÃ³n General del Colegio de Bachilleres del Estado de MÃ©xico.,http://cobaem.edomex.gob.mx,,View
22/10/2020 17:30,@Yoinfluyo,Yo influyo,"ğŸ’‡ğŸ»â€â™€â€ğŸ€ |Con el cÃ¡ncer de mama y los tratamientos agresivos, las mujeres pierden cabello, su piel cambia y pueden perder total o parcialmente la mama, lo que afecta su autoestima. #DaClick y conoce la iniciativa de @GlitziMx. #OctubreRosa",1319435871624613888,https://cutt.ly/lgcn1lN,https://pbs.twimg.com/media/Ek76Xp2XYAMSpOS.png,,0,0,Twitter Web App,13012,5564,201,,27/4/2009,Mexico city,"Somos un medio electrÃ³nico de anÃ¡lisis, desde una perspectiva humanista y solidaria.",http://www.yoinfluyo.com,,View
22/10/2020 17:26,@malemonchamp_,Male MonchampğŸ¦‹,"Solo se muere cuando se olvida, y yo nunca nunca te olvidoğŸ’—ğŸ¦‹ #OctubreRosa",1319435027495718912,,,,0,5,Twitter for iPhone,205,183,0,,5/3/2018,"Rosario, Argentina",amor con amor se pagağŸ¤â™’ï¸,,,View
22/10/2020 17:23,@ONMPRIDurango,ONMPRI Estatal Dgo,"Acciones a favor de la salud. Dirigente ONMPRI de Sta MarÃ­a del Oro, Fernanda Silvestre, realiza plÃ¡ticas informativas con el fin de prevenir el #cÃ¡ncerdemama. ContÃ³ con la colaboraciÃ³n de Sergio Elizarraras NevÃ¡rez, Presidente del PRI en el mpio. #OctubreRosa",1319434335418724355,,https://pbs.twimg.com/media/Ek-SiG1WMAAVko3.jpg,,6,6,Twitter for iPhone,5656,1815,15,,28/6/2011,Durango,Organismo de Mujeres PriÃ­stas del Estado de Durango,https://www.facebook.com/onmpri.estatal,,View
22/10/2020 17:21,@FEDESSP,FEDESSP Nacional,"iiiArriba el TelÃ³n!!! DespuÃ©s de medio aÃ±o derivado de pandemia #Covid, la Sala Principal del Palacio de Bellas Artes volverÃ¡ a â€œsubir el telÃ³nâ€ con gala musical maÃ±ana viernes #RegÃ­strateGratis @CarlosCruzCas11 @valenzo14 @ely_marquezm #OctubreRosa #22DeOctubre",1319433701822918656,,https://pbs.twimg.com/media/Ek-R9NPUYAE1RJ2.jpg,,2,4,Twitter for iPhone,2565,2081,9,,5/8/2011,MÃ‰XICO,"Llegar JUNTOS es el principio, Mantenerse juntos es el PROGRESO, Trabajar juntos es el Ã‰XITO! ""Por la DignificaciÃ³n del Servicio PÃºblico y sus Trabajadores""",http://www.fedesspnacional.org,,View
22/10/2020 17:20,@DyameMart,Dyamela,"#OctubreRosa RT @AndreMontiC: Vale la pena volverlo a compartir, por primera vez se entiende el mensaje.",1319433576534937603,https://twitter.com/AndreMontiC/status/1319138292437233664,https://pbs.twimg.com/media/Ek6FSOWXIAAYCcu.jpg,,0,1,Twitter for iPhone,776,756,0,,23/4/2011,"I Cortinas, Flores, Uruguay.",Estudiante de comunicaciÃ³n en la FIC - UdelaR.,https://www.facebook.com/dyamela.martinez,,View
22/10/2020 17:20,@labuyisenbici,ğŸ‚ LÎ±BÏ…áƒ§Î¹Ê‚ EÉ³BÎ¹ÆˆÎ¹Â© ğŸ‚ ğŸš´â€â™€ï¸,AsÃ­ la #luna hoy ... #octubremesdelabuyis #Covid_19 #EmilyInParis #OctubreRosa,1319433431818829825,,https://pbs.twimg.com/media/Ek-RtizX0AM7g12.jpg,,0,0,Twitter for Android,818,935,19,,25/8/2009,"15 aÃ±os,  la tercera vuelta ğŸ¤«","Poblana de nacimiento, pasiÃ³n por la bici, el jazz y el cafÃ© sin azÃºcar. Un atardecer acompaÃ±ado de una copa de vino #ComunicÃ³loga #Jazz #RS #CommunityManager",https://www.instagram.com/_labuyisenbici,,View
22/10/2020 17:09,@Bika_Ruiz,Bika Ruiz,Seguimos con el mes rosa. #mesrosa #OctubreRosa #CancerDeMama,1319430789445005314,,https://pbs.twimg.com/media/Ek-O553UwAAJcbd.jpg,,0,1,Twitter Web App,121,55,1,,23/10/2009,Chicago,"PsicÃ³loga Cantante Ãšnica e irrepetible, al igual que todos en este planeta.",,,View
22/10/2020 17:07,@cmpuentealto,CorporaciÃ³nMunicipal,Seguiremos recorriendo la comuna con operativos preventivos contra el #CÃ¡ncerDeMama hasta diciembre. Agenda tu hora al FONO: 22 485 5835 #OctubreRosa Revisa aquÃ­ para mÃ¡s informaciÃ³n ğŸ‘‡ğŸ‘‡ğŸ‘‡,1319430084474904577,,https://pbs.twimg.com/media/Ek-OpmCW0AAxM_3.jpg,,0,2,Twitter for iPhone,12894,2416,13,,10/12/2012,Puente Alto,"MisiÃ³n: Ser referentes en otorgar un servicio pÃºblico oportuno, capaz de satisfacer las necesidades de las personas en EducaciÃ³n, Salud y AtenciÃ³n de Menores.",http://www.cmpuentealto.cl,,View
22/10/2020 17:02,@jcragostini,Juan C. RodrÃ­guez Agostini,La ClÃ­nica de Mamas de Barquisimeto nos invita a una reuniÃ³n vÃ­a Zoom el@prÃ³ximo viernes 30 de Octubre sobre #cancerdemama #OctubreRosa,1319428995956559877,,https://pbs.twimg.com/media/Ek-NrTAXYAEfbCT.jpg,,2,2,Twitter for iPhone,5390,4500,75,,23/9/2009,Caracas. Venezuela,"Cirujano OncÃ³logo/ MastÃ³logo. Breast Surgeon Oncologist. Caracas, VE IG: @jcragostini2",,,View
22/10/2020 16:51,@UTVToluca,UTVT,#OctubreRosa 5 pasos por la salud de tus mamas. #Ã‰chaleUnaManoATuSalud @Edomex @SeducEdoMex @sesynedomex,1319426262436380672,,https://pbs.twimg.com/media/Ek-LMUpW0AEbgL7.jpg,,0,1,Twitter for Android,1310,781,14,,19/2/2016,"Lerma, MÃ©xico",Universidad TecnolÃ³gica del Valle de Toluca,http://utvt.edomex.gob.mx/,,View
22/10/2020 16:47,@CanalCongreso,Canal del Congreso,"#OctubreRosa SÃ³lo un par de minutos al dÃ­a se necesitan para detectar el #CÃ¡ncerDeMama, cuidarte es tu responsabilidad Â¡Escucha a la Diputada @LIBIERJIMENEZ! @DipCiudadanoMX",1319425095631253504,,pic.twitter.com/5KXASC6zmC,,1,5,Twitter Web App,185603,82,1454,âœ…,20/8/2010,Ciudad de MÃ©xico,Medio de comunicaciÃ³n del Congreso de la UniÃ³n,https://instagram.com/canalcongresomx,,View
22/10/2020 16:46,@CCARICorrientes,CoaliciÃ³n CÃ­vica ARI Corrientes,"#OctubreRosa | RecordÃ¡ que maÃ±ana hablamos sobre #CÃ¡ncerDeMama: PrevenciÃ³n, chequeos, autotest, dÃ³nde concurrir, mitos y otros temas que te interesen conocer. ğŸ’Ÿ Te esperamos en un vivo desde la cuenta , con la Dra. Noelia FernÃ¡ndez. ğŸ¤—",1319424967382061061,https://instagram.com/gaby.gauna.18,https://pbs.twimg.com/media/Ek-Jt5fX0AA6cA6.jpg,,1,2,Twitter Web App,1080,100,9,,31/1/2013,"Corrientes, Argentina",Un partido polÃ­tico con iniciativas y equipos que trabaja por la Ã©tica en la funciÃ³n pÃºblica y en favor de los ciudadanos.,https://goo.gl/M8ZZ6W,,View
22/10/2020 16:38,@Rosaritita,Rosario LVâš˜,"Que no sea sÃ³lo un listÃ³n rosa, que no sea sÃ³lo una campaÃ±a vacÃ­a, que no sea sÃ³lo el sÃ­mbolo de la lucha de alguien, que sea TÃš lucha, NUESTRA lucha. Cuidate, controlate y palpate, sÃ³lo asÃ­ vas a saber si todo sigue bajo control. ğŸ’ŸğŸ’ªğŸ»ğŸ™ğŸ» #OctubreRosa",1319422921882791936,,https://pbs.twimg.com/media/Ek-IJ3bXIAADxjs.jpg,,1,1,Twitter for Android,195,1186,0,,3/2/2013,AsunciÃ³n - Paraguay,"Abogada de la UNA y DiseÃ±adora. MamÃ¡ full time de la niÃ±a mÃ¡s maravillosa del Universo â¤ CuÃ¡nto tiempo es para siempre? A veces, sÃ³lo un segundo...",,,View
22/10/2020 16:35,@VPITV,VPItv,"Â¡CuÃ­date y quiÃ©rete! Es esencial realizarte una autoexploraciÃ³n mensual, nadie mejor que tÃº para descubrir alguna irregularidad. #OctubreRosa",1319422043453050880,,https://pbs.twimg.com/media/Ek-HW1wXIAAjaDM.jpg,,1,7,Hootsuite Inc.,537582,565,1167,âœ…,18/12/2015,Venezuela,Canal de Noticias EN VIVO ğŸ”´ I Mira nuestra seÃ±al aquÃ­: I https://bit.ly/2FXPNmo I Youtube I ROKU | Apple TV | APP | Web |,http://www.vpitv.com,,View
22/10/2020 16:32,@RC_EDOMEX,RegistroCivil EDOMEX,"Autoexplorarse es muy sencillo, cuÃ­date. #OctubreRosa",1319421404295630849,,https://pbs.twimg.com/media/Ek-GxSWXYAcEXLJ.jpg,,0,1,Twitter for iPhone,1154,186,7,,2/12/2016,"Toluca, MÃ©xico","Espacio de promociÃ³n, divulgaciÃ³n, quejas, dudas y sugerencias del Registro Civil en el Estado de MÃ©xico.",http://dgregistro_civil.edomex.gob.mx/,,View
22/10/2020 16:30,@IDPedomex,DefensorÃ­a PÃºblica EdomÃ©x,"#OctubreRosa | Mes de sensibilizaciÃ³n sobre el cÃ¡ncer de mama. La autoexploraciÃ³n, la exploraciÃ³n clÃ­nica y la mastografÃ­a son medidas de detecciÃ³n oportuna, #Ã‰chaleUnaManoATuSalud.",1319421018700644354,,https://pbs.twimg.com/media/Ek-Ga0bXYAAqNCZ.jpg,,0,1,Twitter for iPhone,1146,74,5,,10/8/2018,,Instituto de la DefensorÃ­a PÃºblica del Estado de MÃ©xico. | @edomex | @SJyDH_Edomex,,,View
22/10/2020 16:23,@nekoush_lopez,Gonzalo Lopez,monica_urquiza: OCTUBRE ES EL MES MUNDIAL DE LA LUCHA CONTRA EL CÃNCER DE MAMA El CÃ¡ncer De Mama puede tocarnos a todos y la DETECCIÃ“N TEMPRANA es la herramienta mÃ¡s efectiva para combatirlo. #OctubreRosa #CÃ¡ncerDeMama,1319419105741516801,,https://pbs.twimg.com/media/Ek-AgbHXYAA_VbT.jpg,,0,1,IFTTT,87,220,0,,13/3/2013,,,,,View
22/10/2020 16:23,@FourPointsBog,Four Points Bogota,Luchemos juntos! AcÃ©rcate a @seisladosrestaurante y disfruta tu cupcake rosa mientras apoyas esta importante lucha ğŸ§ğŸ—ï¸ #OctubreRosa #HotelesEnBogota #Hotel #Bogota #HotelStyle #Vacaciones #Holidays #Travel #Traveling #FourPointsBogotÃ¡ #UnaExperienciaGHL #PlanesenBogota,1319419046056648704,,https://pbs.twimg.com/media/Ek-EoOdXYAAuwoE.jpg,,0,1,Twitter for Android,585,846,5,,2/9/2014,"Carrera 18 NÂ° 93A - 83, BogotÃ¡",Travel Reinvented. Kick back at Four Points by Sheraton Bogota. Settle in for a relaxing stay. Tag us: #FourPointsBogota,http://www.fourpointsbogota.com,,View
22/10/2020 16:17,@DIFCDMX,DIF Ciudad de MÃ©xico,"En el marco del Mes de SensibilizaciÃ³n sobre el CÃ¡ncer de Mama, te compartimos una pequeÃ±a guÃ­a de autoexploraciÃ³n. ğŸ€ ğŸ™‹ğŸ»â€â™€ï¸AutoexplÃ³rate cada mes ğŸ§‘ğŸ»â€âš•ï¸Realiza un chequeo una vez al aÃ±o ğŸ©MastografÃ­a anual despuÃ©s de los 40 aÃ±os #OctubreRosa",1319417609130041347,,https://pbs.twimg.com/media/Ek-DUUvXYAEAdqd.jpg,,0,0,Twitter for iPhone,62403,1038,275,âœ…,29/9/2010,CDMX Tel: 55591919 ext. 1123,"Atendemos a la poblaciÃ³n mÃ¡s vulnerable con programas, trÃ¡mites y servicios guiados siempre por un desarrollo basado en calidad y calidez.",http://www.dif.df.gob.mx,,View
22/10/2020 16:15,@encaminobb,Encaminobb,#floricienta ya se hizo su mamografÃ­a. Vos sacaste el turno?! ğŸ’‹ #OctubreRosa,1319417118157398017,,,,0,0,Twitter for Android,0,0,0,,19/10/2020,,Soy el picaseso que te Recuerda lo importante de darle bola a la salud. No reemplaza la consulta mÃ©dica ni la guardia ğŸ’‹,https://instabio.cc/20813mKtkjv,,View
22/10/2020 16:11,@encaminobb,Encaminobb,Si a tu vecina le doliÃ³ la mamografÃ­a a vos no tiene porque dolerte. A #floricienta no le doliÃ³. Vos te la hiciste?! ğŸ’‹ #OctubreRosa,1319416125717909504,,,,1,1,Twitter for Android,0,0,0,,19/10/2020,,Soy el picaseso que te Recuerda lo importante de darle bola a la salud. No reemplaza la consulta mÃ©dica ni la guardia ğŸ’‹,https://instabio.cc/20813mKtkjv,,View
22/10/2020 16:08,@encaminobb,Encaminobb,Acordate que las pastilas anticonceptivas estan contraindicadas en pacientes que tuvieron cÃ¡ncer y eso al #dolar no el interesa pero a vos si. ğŸ’‹ #OctubreRosa,1319415412627472391,,,,0,0,Twitter for Android,0,0,0,,19/10/2020,,Soy el picaseso que te Recuerda lo importante de darle bola a la salud. No reemplaza la consulta mÃ©dica ni la guardia ğŸ’‹,https://instabio.cc/20813mKtkjv,,View
22/10/2020 16:07,@encaminobb,Encaminobb,Al #dolar no le interesa si te da cancer. AsÃ­ que #HaganAlgo y controlate con tu medico #OctubreRosa ğŸ’‹,1319415021571608576,,,,0,0,Twitter for Android,0,0,0,,19/10/2020,,Soy el picaseso que te Recuerda lo importante de darle bola a la salud. No reemplaza la consulta mÃ©dica ni la guardia ğŸ’‹,https://instabio.cc/20813mKtkjv,,View
22/10/2020 16:06,@TereCid,TereCid,"ğŸ€ #iworkforGM #octubreRosa El cancer de mama detectado a tiempo, es curable! ğŸ¤›ğŸ¼ RT @GeneralMotorsMx: Para conmemorar los 10 aÃ±os de alianza con @CimaFundacionMX, hoy entregamos un @ChevroletMexico Beat 2020 que servirÃ¡ en las labores para promover la detecciÃ³n oportuna que puede salvar vidas. Seguimos comprometidos en la lucha contra el cÃ¡ncer de mama.",1319414796702240768,https://twitter.com/generalmotorsmx/status/1319406817844277248,https://pbs.twimg.com/media/Ek95ZQBWMAAkTbU.jpg,,0,8,Twitter for iPhone,2584,329,24,,11/9/2009,Mex,"PR and Communications Director at General Motors de Mexico (Chevrolet, Buick, GMC, Cadillac)",http://www.gm.com.mx,,View
22/10/2020 16:05,@AlasMujeres,Grupo Alas Medios,#Conocetucuerpo #Octubrerosa,1319414705165926405,,https://pbs.twimg.com/media/Ek-Aro-WMAU0Jeu.jpg,,0,0,Twitter for Android,2787,2483,30,,29/9/2011,"Pachuca, Hidalgo","Revista A las Mujeres y AlasRadio-98.1FM Alasparavolar,Alas parapensar,Alasdelibertad. Dirige @AidaSuarezCh",http://grupoalasmedios.com/,,View
22/10/2020 16:05,@monica_urquiza,Monica Urquiza,OCTUBRE ES EL MES MUNDIAL DE LA LUCHA CONTRA EL CÃNCER DE MAMA El CÃ¡ncer De Mama puede tocarnos a todos y la DETECCIÃ“N TEMPRANA es la herramienta mÃ¡s efectiva para combatirlo. #OctubreRosa #CÃ¡ncerDeMama,1319414514190897155,,https://pbs.twimg.com/media/Ek-AgbHXYAA_VbT.jpg,,1,2,Twitter for Android,2337,390,28,,4/11/2014,"Ushuaia, Argentina",Vicegobernadora de la Provincia de Tierra del Fuego AIAS - Movimiento Popular Fueguino,,,View
22/10/2020 16:04,@anaapauc,cepi,#OctubreRosa mi mamÃ¡ hablando de su lucha contra el cÃ¡ncer de mamağŸ’•,1319414311715020801,https://youtu.be/OpueIBuIBHY,,,0,18,Twitter for Android,358,158,0,,14/8/2018,Crespo,,,,View
22/10/2020 16:00,@SegUnaFormaVida,Cultura por la Seguridad,#OctubreRosa,1319413317862068224,,https://pbs.twimg.com/media/Ek9_a8hW0AA1KrD.jpg,,0,0,Hootsuite Inc.,1725,1696,18,,17/7/2013,"Sonora, MÃ©xico",Somos una organizaciÃ³n que busca sensibilizar a nuestra sociedad para hacer de la seguridad una forma de vida.,https://www.facebook.com/Cultura-por-la-Seguridad-174988496007291/,,View
22/10/2020 16:00,@universidaduptc,UPTC,"#TÃ³cateParaQueNoTeToque #LaUniversidadQueQueremos quiere hacerte partÃ­cipe de #OctubreRosa, mes de la lucha contra el cÃ¡ncer de mama, Ãºnete a nuestra campaÃ±a. Â¡Ponte en conTACTO con tu salud! no dejes que el tiempo estÃ© en tu contra, realÃ­zate el autoexamen o acude a tu mÃ©dico.",1319413227298709506,,https://pbs.twimg.com/media/Ek9_TfyX0AEcmNR.jpg,,1,5,Twitter Web App,27626,915,84,âœ…,27/5/2012,Tunja - BoyacÃ¡,"Universidad PedagÃ³gica y TecnolÃ³gica de Colombia, acreditada de alta calidad y sujeta a inspecciÃ³n y vigilancia por el Ministerio de EducaciÃ³n Nacional.",http://www.uptc.edu.co,,View
22/10/2020 16:00,@UNEVTOficial,Universidad Estatal del Valle de Toluca,Mes de sensibilizaciÃ³n sobre el cÃ¡ncer de mama #OctubreRosa. #Ã‰chaleUnaManoATuSalud #OctubreRosa #PrevenirEsSalud,1319413222756274178,,https://pbs.twimg.com/media/EkyQ1pQXgAANct7.jpg,,0,0,Twitter Web App,368,39,1,,14/2/2019,"Ocoyoacac, MÃ©xico",La UNEVT es una instituciÃ³n educativa de carÃ¡cter pÃºblico que ofrece tres licenciaturas enfocadas al Ã¡rea de la salud de manera natural.,http://www.unevt.edu.mx,,View
22/10/2020 15:59,@CompartaEPS,Comparta EPS,"La prevenciÃ³n del cÃ¡ncer de mama estÃ¡ en tus manos, tÃ³cate y toma el control, te queremos fuerte, feliz y saludable. #OctubreRosa #salud #bienestar #vidasana #deporte #alimentacion #nutriciÃ³n #cuerpo #medicina #vidasaludable #calidaddevida #estilodevida #comida #CompartaEPS",1319413139239297025,,https://pbs.twimg.com/media/Ek9_P32XUAAN_y3.jpg,,0,0,Twitter Web App,651,607,0,,24/5/2016,"Bucaramanga, Colombia",Servicio con Solidaridad y ResoluciÃ³n.,https://www.comparta.com.co,,View
22/10/2020 15:52,@gfloresbazan,Gustavo Flores-BazÃ¡n,"No se pierdan #HistoriasDescorchadas en #OctubreRosa Un relato de vinos, amor y vida: Mariela Pons.  #ElDescorcheDiario @ElDescorcheNews",1319411419234902016,https://eldescorchediario.com/en-octubre-rosa-un-relato-de-vinos-amor-y-vida/,,,1,2,Twitter Web App,3813,940,48,,28/4/2011,Mendoza. Argentina.,Periodista. Comunico el apasionante mundo del vino. Director de #ElDescorcheDiario Fundador de #LuxuryWines IG: @gfloresbazan Mi otra pasiÃ³n: la mÃºsica.,http://www.eldescorchediario.com,,View
22/10/2020 15:47,@MileidyAlmeida,ğ˜”ğ˜ªğ˜­ğ˜¦ğ˜ªğ˜¥ğ˜º ğ˜ˆğ˜­ğ˜®ğ˜¦ğ˜ªğ˜¥ğ˜¢ ğ˜“ğ˜¢ğ˜¯ğ˜¥ğ˜¢ğ˜¦ğ˜»ğŸ›ğŸ¦‹,"El cÃ¡ncer es silencioso. Pero, cuando decide hacer bulla, nos ensordece. #OctubreRosa #RemisiÃ³n #CreeConfiaEspera",1319409985667956742,,https://pbs.twimg.com/media/Ek98Y3kXIAADCt6.jpg,,0,1,Twitter for Android,412,1747,1,,25/1/2010,ğ™‘ğ™šğ™£ğ™šğ™¯ğ™ªğ™šğ™¡ğ™–,Cree. ConfÃ­a. EsperağŸ‘ˆ SobrevivÃ­ al CÃ¡ncerğŸ’ªğŸ›ğŸ¦‹ Orgullosa hija de Etelvina LandaezğŸ˜ SueÃ±o con la VENEZUELA que me vio crecerğŸ¦‹ Caraquista 100%,,,View
22/10/2020 15:45,@smartgasMX,Smartgas,Smartgas te compaÃ±a en tu camino y en tu lucha. Â¡RevÃ­sate y detecta a tiempo! #OctubreRosa ğŸ’ª,1319409676736368640,,https://pbs.twimg.com/media/Ek98GEKUwAImEVT.jpg,,0,1,Twitter Web App,348,1129,1,,9/1/2018,,,,,View
22/10/2020 15:39,@ADNsur,ADNSUR #QuedateEnCasa,"#OctubreRosa #CÃ¡ncerDeMama La bandera argentina mÃ¡s grande de la ciudad, que fue izada por FundaciÃ³n del Golfo en el cerro Chenque , ""le prestÃ³"" su mÃ¡stil a un emblemÃ¡tico paÃ±o rosa, sÃ­mbolo de la lucha contra esta enfermedad",1319408066035634181,https://www.adnsur.com.ar/sociedad/izaron-en-el-cerro-chenque-una-bandera-rosa-por-el-mes-de-la-prevencion-del-cancer-de-mama_a5f92054aac74446aaa3e8b06,,,0,0,Twitter Web App,22844,1582,119,âœ…,30/11/2009,Comodoro Rivadavia,"Comodoro, Chubut y Patagonia en tiempo real #YaSabÃ©s Estamos en Whatsapp +5492974367226",http://www.adnsur.com.ar,,View
22/10/2020 15:38,@ArturoH19772369,Arturo HernÃ¡ndez,"#Ã‰chaleUnaManoATuSalud | Si tienes entre 40 y 69 aÃ±os, acude al mÃ©dico para que te realicen una mastografÃ­a. #PrevenirEsSalud #OctubreRosa @Edomex @SaludEdomex",1319407709834235905,,https://pbs.twimg.com/media/Ek96UWXUcAAoPll.jpg,,4,13,Twitter for iPhone,2113,488,3,,2/12/2017,"Toluca, MÃ©xico",Director de CoordinaciÃ³n Regional de EducaciÃ³n BÃ¡sica,,,View
22/10/2020 15:37,@LaRegeneracion_,La RegeneraciÃ³n PeriÃ³dico Feminista,El de mama es el cÃ¡ncer mÃ¡s diagnosticado en las mujeres en MÃ©xico y a nivel mundial. En nuestro paÃ­s esta enfermedad ocupa el octavo lugar de las causas de mortalidad mÃ¡s frecuentes. #OctubreRosa,1319407661272780800,,,,0,0,Hootsuite Inc.,422,164,2,,27/1/2020,MÃ©xico,"PeriÃ³dico Oficial y feminista de la SecretarÃ­a Nacional de Morena Mujeres. Directora: @CarolBArriaga, editora: @karlamotte",https://laregeneracion.com.mx/,,View
22/10/2020 15:35,@ccachivache,clara descalza,"Me hice la ecografÃ­a mamaria y estÃ¡ todo bien, y eso me hace muy feliz ğŸ’— #OctubreRosa",1319407068579856386,,,,0,4,Twitter for Android,970,841,4,,14/10/2010,"Buenos Aires, Argentina",ğŸ‘£ Mostra. Creer para ver y veo mÃºsica. Rumbo sin fin. 773SL,,,View
22/10/2020 15:35,@ITEM_Semov,ITEM,"El cÃ¡ncer de mama se puede detectar a tiempo, no olvides acudir a una revisiÃ³n periÃ³dica. @SaludEdomex #Ã‰chaleUnaManoATuSalud #OctubreRosa #PrevenirEsSalud",1319406939462402050,,https://pbs.twimg.com/media/Ek95nevXUAAnklo.jpg,,0,0,Twitter for Android,707,171,7,,5/12/2016,"Toluca, Estado de MÃ©xico",Instituto del Transporte del Estado de MÃ©xico,https://twitter.com/SEMOV_Edomex,,View
22/10/2020 15:35,@PoliciaCbaOf,PolicÃ­a de CÃ³rdoba,"#Ahora. En el marco del programa #OctubreRosa ğŸ€ se lleva a cabo una charla informativa con el Dr. Ariel Cuasolo, mÃ©dico ginecÃ³logo e integrante del servicio de GinecologÃ­a y Obstetricia del Dpto. #PoliclÃ­nicoPolicial. Participan dependencias de capital e interior. ğŸ§‘â€ğŸ’»",1319406929630945280,,https://pbs.twimg.com/media/Ek95du2XUAQImSQ.jpg,,2,5,Twitter Web App,27487,231,109,,6/6/2011,CÃ³rdoba - Argentina,"La funciÃ³n de este medio es brindar InformaciÃ³n y Consejos. En caso de urgencias llame al 101, por denuncias anÃ³nimas 0810 888 3368.",http://www.policiacordoba.gov.ar,,View